Cycle,robot1_Total_Reward,robot1_Avg_Reward_per_Step,robot2_Total_Reward,robot2_Avg_Reward_per_Step,robot3_Total_Reward,robot3_Avg_Reward_per_Step,System_Total_Reward,System_Avg_Reward_per_Step
730,-17049.15,-8.5246,-5292.86,-2.6464,-6792.05,-3.3960,-29134.06,-4.8557
740,-5257.42,-2.6287,-14803.40,-7.4017,-10742.13,-5.3711,-30802.96,-5.1338
750,-10486.25,-5.2431,-6088.17,-3.0441,-8457.41,-4.2287,-25031.84,-4.1720
760,-12252.01,-6.1260,-7284.99,-3.6425,-7578.52,-3.7893,-27115.52,-4.5193
770,-2905.37,-1.4527,-5967.84,-2.9839,-7225.74,-3.6129,-16098.95,-2.6832
780,-56783.96,-28.3920,-58124.86,-29.0624,-3405.20,-1.7026,-118314.02,-19.7190
790,-2976.21,-1.4881,-5711.61,-2.8558,-3903.51,-1.9518,-12591.33,-2.0986
800,-1166.48,-0.5832,-3000.33,-1.5002,-11331.95,-5.6660,-15498.76,-2.5831
810,-1136.50,-0.5682,-8031.57,-4.0158,-15253.34,-7.6267,-24421.41,-4.0702
820,-2373.55,-1.1868,-3654.97,-1.8275,-5793.93,-2.8970,-11822.46,-1.9704
830,-3955.84,-1.9779,-6718.68,-3.3593,-8222.93,-4.1115,-18897.45,-3.1496
840,-8327.51,-4.1638,-1366.49,-0.6832,-4100.83,-2.0504,-13794.83,-2.2991
850,-8160.38,-4.0802,-2007.85,-1.0039,-1164.04,-0.5820,-11332.27,-1.8887
860,-2530.31,-1.2652,-914.63,-0.4573,-4894.81,-2.4474,-8339.75,-1.3900
870,-11032.87,-5.5164,-3829.96,-1.9150,-2475.63,-1.2378,-17338.46,-2.8897
880,-12505.47,-6.2527,-13573.11,-6.7866,-16432.98,-8.2165,-42511.56,-7.0853
890,-12498.03,-6.2490,-2836.91,-1.4185,-624.00,-0.3120,-15958.94,-2.6598
900,-6025.58,-3.0128,-30906.14,-15.4531,-21482.31,-10.7412,-58414.03,-9.7357
Cycle,robot1_Total_Reward,robot1_Avg_Reward_per_Step,robot2_Total_Reward,robot2_Avg_Reward_per_Step,robot3_Total_Reward,robot3_Avg_Reward_per_Step,System_Total_Reward,System_Avg_Reward_per_Step
910,-30817.85,-10.2726,-18396.91,-6.1323,-31737.71,-10.5792,-80952.46,-8.9947
920,-19305.72,-6.4352,-18372.72,-6.1242,-38158.91,-12.7196,-75837.35,-8.4264
930,-21996.75,-7.3323,-18691.07,-6.2304,-26237.54,-8.7458,-66925.36,-7.4362
Cycle,robot1_Total_Reward,robot1_Avg_Reward_per_Step,robot2_Total_Reward,robot2_Avg_Reward_per_Step,robot3_Total_Reward,robot3_Avg_Reward_per_Step,System_Total_Reward,System_Avg_Reward_per_Step
940,-243379.96,-30.4225,-212430.89,-26.5539,-181845.72,-22.7307,-637656.56,-26.5690
950,-161986.67,-20.2483,-177363.17,-22.1704,-172966.68,-21.6208,-512316.51,-21.3465
960,-286048.02,-35.7560,-218461.83,-27.3077,-189673.84,-23.7092,-694183.70,-28.9243
970,-229167.19,-28.6459,-214519.31,-26.8149,-175950.13,-21.9938,-619636.62,-25.8182
980,-220509.78,-27.5637,-215799.19,-26.9749,-220439.07,-27.5549,-656748.04,-27.3645
990,-201766.01,-25.2208,-203035.42,-25.3794,-212462.41,-26.5578,-617263.85,-25.7193
1000,-272034.47,-34.0043,-191289.92,-23.9112,-181489.32,-22.6862,-644813.71,-26.8672
1010,-256357.60,-32.0447,-188581.37,-23.5727,-153561.81,-19.1952,-598500.79,-24.9375
Cycle,robot1_Total_Reward,robot1_Avg_Reward_per_Step,robot2_Total_Reward,robot2_Avg_Reward_per_Step,robot3_Total_Reward,robot3_Avg_Reward_per_Step,System_Total_Reward,System_Avg_Reward_per_Step
1020,-174153.81,-21.7692,-206657.11,-25.8321,-163980.41,-20.4976,-544791.33,-22.6996
1030,-271227.96,-33.9035,-247472.25,-30.9340,-90613.13,-11.3266,-609313.34,-25.3881
1040,-132498.53,-16.5623,-149954.42,-18.7443,-63662.74,-7.9578,-346115.68,-14.4215
1050,-90856.34,-11.3570,-124928.60,-15.6161,-25877.15,-3.2346,-241662.09,-10.0693
1060,-131477.05,-16.4346,-180530.09,-22.5663,-69693.84,-8.7117,-381700.98,-15.9042
1070,-1007565.32,-125.9457,-131778.02,-16.4723,-51003.03,-6.3754,-1190346.36,-49.5978
1080,-857662.20,-107.2078,-137724.85,-17.2156,-102630.64,-12.8288,-1098017.69,-45.7507
1090,-1559828.99,-194.9786,-161807.87,-20.2260,-50850.36,-6.3563,-1772487.21,-73.8536
1100,-100596.28,-12.5745,-108915.47,-13.6144,-63842.56,-7.9803,-273354.31,-11.3898
1110,-105635.18,-13.2044,-72370.89,-9.0464,-70056.14,-8.7570,-248062.21,-10.3359
1120,-92563.29,-11.5704,-74271.86,-9.2840,-26170.11,-3.2713,-193005.27,-8.0419
1130,-118500.10,-14.8125,-111158.88,-13.8949,-45536.60,-5.6921,-275195.58,-11.4665
1140,-81814.78,-10.2268,-133651.29,-16.7064,-36762.47,-4.5953,-252228.54,-10.5095
1150,-1352738.84,-169.0924,-100889.90,-12.6112,-21845.22,-2.7307,-1475473.97,-61.4781
1160,-76588.77,-9.5736,-1558533.12,-194.8166,-21487.92,-2.6860,-1656609.81,-69.0254
1170,-95980.67,-11.9976,-1573825.37,-196.7282,-8126.22,-1.0158,-1677932.26,-69.9138
1180,-153076.86,-19.1346,-132729.65,-16.5912,-32061.40,-4.0077,-317867.91,-13.2445
1190,-79064.28,-9.8830,-131600.71,-16.4501,-13940.73,-1.7426,-224605.73,-9.3586
1200,-64545.37,-8.0682,-87970.44,-10.9963,-22525.58,-2.8157,-175041.39,-7.2934
1210,-62084.05,-7.7605,-86581.56,-10.8227,-432575.05,-54.0719,-581240.66,-24.2184
1220,-82791.92,-10.3490,-1608866.33,-201.1083,-6028.72,-0.7536,-1697686.97,-70.7370
1230,-85863.18,-10.7329,-1448048.46,-181.0061,-2486.23,-0.3108,-1536397.87,-64.0166
1240,-202662.44,-25.3328,-1652551.27,-206.5689,-35235.81,-4.4045,-1890449.52,-78.7687
1250,-191010.59,-23.8763,-1407655.46,-175.9569,-20789.79,-2.5987,-1619455.84,-67.4773
Cycle,robot1_Total_Reward,robot1_Avg_Reward_per_Step,robot2_Total_Reward,robot2_Avg_Reward_per_Step,robot3_Total_Reward,robot3_Avg_Reward_per_Step,System_Total_Reward,System_Avg_Reward_per_Step
1260,-65241.39,-22.6454,-24036.49,-8.3431,-191435.63,-66.4476,-280713.51,-32.4787
Cycle,robot1_Total_Reward,robot1_Avg_Reward_per_Step,robot2_Total_Reward,robot2_Avg_Reward_per_Step,robot3_Total_Reward,robot3_Avg_Reward_per_Step,System_Total_Reward,System_Avg_Reward_per_Step
1270,-145634.85,-18.2044,-43986.30,-5.4983,-121858.47,-15.2323,-311479.61,-12.9783
1280,-136544.64,-17.0681,-30154.63,-3.7693,-50388.51,-6.2986,-217087.78,-9.0453
1290,-96127.81,-12.0160,-11109.72,-1.3887,-35492.77,-4.4366,-142730.31,-5.9471
1300,-57424.46,-7.1781,-8833.43,-1.1042,-40938.99,-5.1174,-107196.88,-4.4665
Cycle,robot1_Total_Reward,robot1_Avg_Reward_per_Step,robot2_Total_Reward,robot2_Avg_Reward_per_Step,robot3_Total_Reward,robot3_Avg_Reward_per_Step,System_Total_Reward,System_Avg_Reward_per_Step
1310,-68169.39,-8.5212,-40694.18,-5.0868,-362416.32,-45.3020,-471279.89,-19.6367
Cycle,robot1_Total_Reward,robot1_Avg_Reward_per_Step,robot2_Total_Reward,robot2_Avg_Reward_per_Step,robot3_Total_Reward,robot3_Avg_Reward_per_Step,System_Total_Reward,System_Avg_Reward_per_Step
1320,-52762.38,-6.5953,-61511.25,-7.6889,-1021691.43,-127.7114,-1135965.05,-47.3319
1330,-52570.18,-6.5713,-119860.35,-14.9825,-22479.80,-2.8100,-194910.34,-8.1213
Cycle,robot1_Total_Reward,robot1_Avg_Reward_per_Step,robot2_Total_Reward,robot2_Avg_Reward_per_Step,robot3_Total_Reward,robot3_Avg_Reward_per_Step,System_Total_Reward,System_Avg_Reward_per_Step
1320,-124635.80,-15.5795,-12999.11,-1.6249,-31633.66,-3.9542,-169268.57,-7.0529
1330,-63225.39,-7.9032,-22831.91,-2.8540,-44653.36,-5.5817,-130710.66,-5.4463
1340,107891.48,13.4864,72378.65,9.0473,-1551590.81,-193.9489,-1371320.69,-57.1384
Cycle,robot1_Total_Reward,robot1_Avg_Reward_per_Step,robot2_Total_Reward,robot2_Avg_Reward_per_Step,robot3_Total_Reward,robot3_Avg_Reward_per_Step,System_Total_Reward,System_Avg_Reward_per_Step
1350,-53225.79,-6.6532,-57604.02,-7.2005,-26852.27,-3.3565,-137682.08,-5.7368
1360,-53466.70,-6.6833,-25882.99,-3.2354,-21585.12,-2.6981,-100934.81,-4.2056
1370,-28125.11,-3.5156,60130.30,7.5163,64779.67,8.0975,96784.85,4.0327
1380,-42565.36,-5.3207,-52425.73,-6.5532,-23914.16,-2.9893,-118905.26,-4.9544
1390,-29488.08,-3.6860,-35899.31,-4.4874,-30022.38,-3.7528,-95409.77,-3.9754
1400,-33144.83,-4.1431,-24847.40,-3.1059,-22576.21,-2.8220,-80568.44,-3.3570
1410,-23006.81,-2.8759,-34145.50,-4.2682,-12220.00,-1.5275,-69372.30,-2.8905
Cycle,robot1_Total_Reward,robot1_Avg_Reward_per_Step,robot2_Total_Reward,robot2_Avg_Reward_per_Step,robot3_Total_Reward,robot3_Avg_Reward_per_Step,System_Total_Reward,System_Avg_Reward_per_Step
1410,-152868.33,-19.1085,-347147.14,-43.3934,-321763.64,-40.2205,-821779.11,-34.2408
1420,-185776.40,-23.2221,-412268.70,-51.5336,-322411.91,-40.3015,-920457.01,-38.3524
1430,-331606.52,-41.4508,-443106.55,-55.3883,-305608.61,-38.2011,-1080321.68,-45.0134
1440,-2232108.33,-279.0135,-2510420.44,-313.8026,-290290.23,-36.2863,-5032819.00,-209.7008
1450,-299865.54,-37.4832,-449427.58,-56.1784,-296484.19,-37.0605,-1045777.31,-43.5741
1460,-298319.34,-37.2899,-433814.24,-54.2268,-465322.45,-58.1653,-1197456.04,-49.8940
1470,-319717.80,-39.9647,-380219.02,-47.5274,-337712.19,-42.2140,-1037649.01,-43.2354
1480,-310184.14,-38.7730,-303042.06,-37.8803,-422752.13,-52.8440,-1035978.33,-43.1658
1490,-401479.05,-50.1849,-477100.74,-59.6376,-421733.09,-52.7166,-1300312.88,-54.1797
1500,-448267.21,-56.0334,-438078.25,-54.7598,-269518.57,-33.6898,-1155864.03,-48.1610
1510,-1653972.97,-206.7466,-516545.64,-64.5682,-437654.06,-54.7068,-2608172.67,-108.6739
1520,-594568.48,-74.3211,-545272.61,-68.1591,-534102.10,-66.7628,-1673943.18,-69.7476
1530,-766050.53,-95.7563,-386088.67,-48.2611,-564622.69,-70.5778,-1716761.89,-71.5317
1540,-323024.39,-40.3780,-485718.94,-60.7149,-578465.82,-72.3082,-1387209.16,-57.8004
1550,-543816.12,-67.9770,-541890.95,-67.7364,-336540.75,-42.0676,-1422247.82,-59.2603
Cycle,robot1_Total_Reward,robot1_Avg_Reward_per_Step,robot2_Total_Reward,robot2_Avg_Reward_per_Step,robot3_Total_Reward,robot3_Avg_Reward_per_Step,System_Total_Reward,System_Avg_Reward_per_Step
1560,-342073.16,-42.7591,-402433.16,-50.3041,-229259.88,-28.6575,-973766.20,-40.5736
1570,-640427.65,-80.0535,-445582.79,-55.6978,-295581.17,-36.9476,-1381591.61,-57.5663
1580,-1584629.23,-198.0787,-916668.11,-114.5835,-1333198.08,-166.6498,-3834495.42,-159.7706
1590,-559917.92,-69.9897,-665830.39,-83.2288,-1236039.85,-154.5050,-2461788.17,-102.5745
1600,-809631.52,-101.2039,-1042334.17,-130.2918,-882979.84,-110.3725,-2734945.53,-113.9561
Cycle,robot1_Total_Reward,robot1_Avg_Reward_per_Step,robot2_Total_Reward,robot2_Avg_Reward_per_Step,robot3_Total_Reward,robot3_Avg_Reward_per_Step,System_Total_Reward,System_Avg_Reward_per_Step
1410,-316336.43,-39.5421,-724363.15,-90.5454,-447831.59,-55.9789,-1488531.17,-62.0221
1420,-1022450.65,-127.8063,-1413644.07,-176.7055,-682771.70,-85.3465,-3118866.42,-129.9528
1430,-1112158.86,-139.0199,-468557.23,-58.5697,-858347.92,-107.2935,-2439064.01,-101.6277
1440,-2752726.83,-344.0909,-2399429.67,-299.9287,-2737972.73,-342.2466,-7890129.24,-328.7554
Cycle,robot1_Total_Reward,robot1_Avg_Reward_per_Step,robot2_Total_Reward,robot2_Avg_Reward_per_Step,robot3_Total_Reward,robot3_Avg_Reward_per_Step,System_Total_Reward,System_Avg_Reward_per_Step
1450,-742978.44,-252.4561,-192078.65,-65.2663,-183519.84,-62.3581,-1118576.93,-126.6935
Cycle,robot1_Total_Reward,robot1_Avg_Reward_per_Step,robot2_Total_Reward,robot2_Avg_Reward_per_Step,robot3_Total_Reward,robot3_Avg_Reward_per_Step,System_Total_Reward,System_Avg_Reward_per_Step
1460,-30315.02,-30.3150,-200230.20,-200.2302,-219940.72,-219.9407,-450485.94,-150.1620
1470,-36601.56,-36.6016,-69629.63,-69.6296,-142887.83,-142.8878,-249119.01,-83.0397
1480,-37052.83,-37.0528,-42295.48,-42.2955,-43453.35,-43.4534,-122801.66,-40.9339
1490,-27789.83,-27.7898,-56654.04,-56.6540,-38169.45,-38.1695,-122613.32,-40.8711
1500,-38792.40,-38.7924,-6464.27,-6.4643,-48741.78,-48.7418,-93998.45,-31.3328
1510,-25574.95,-25.5750,-59492.93,-59.4929,-44211.67,-44.2117,-129279.54,-43.0932
1520,-41199.07,-41.1991,-39047.37,-39.0474,-44263.82,-44.2638,-124510.26,-41.5034
1530,-25583.96,-25.5840,-56687.38,-56.6874,-32813.10,-32.8131,-115084.43,-38.3615
1540,-30370.28,-30.3703,-68448.56,-68.4486,-57077.41,-57.0774,-155896.25,-51.9654
1550,-8377.94,-8.3779,-40072.56,-40.0726,-61419.59,-61.4196,-109870.09,-36.6234
1560,-30852.50,-30.8525,-46220.89,-46.2209,-45134.23,-45.1342,-122207.62,-40.7359
1570,-41360.39,-41.3604,-95567.06,-95.5671,-223108.70,-223.1087,-360036.15,-120.0121
1580,-31978.91,-31.9789,-45842.26,-45.8423,-29545.73,-29.5457,-107366.90,-35.7890
1590,-34305.82,-34.3058,-38504.92,-38.5049,-38525.75,-38.5258,-111336.50,-37.1122
1600,-35134.00,-35.1340,-34129.92,-34.1299,-27936.54,-27.9365,-97200.47,-32.4002
1610,-21268.36,-21.2684,-18719.41,-18.7194,-22527.75,-22.5277,-62515.51,-20.8385
1620,-31117.93,-31.1179,-47617.93,-47.6179,-31687.54,-31.6875,-110423.40,-36.8078
1630,-16123.91,-16.1239,-39793.98,-39.7940,-24035.18,-24.0352,-79953.07,-26.6510
1640,-63760.14,-63.7601,-36770.49,-36.7705,-80427.23,-80.4272,-180957.87,-60.3193
1650,-142845.60,-142.8456,-40361.56,-40.3616,-364033.82,-364.0338,-547240.99,-182.4137
1660,-28731.63,-28.7316,-36140.85,-36.1409,-36403.55,-36.4035,-101276.03,-33.7587
1670,-35789.43,-35.7894,-26020.70,-26.0207,-23030.76,-23.0308,-84840.89,-28.2803
1680,-90959.71,-90.9597,-76954.93,-76.9549,47691.44,47.6914,-120223.20,-40.0744
1690,84007.85,84.0079,-28103.09,-28.1031,-27507.67,-27.5077,28397.09,9.4657
1700,-149086.16,-149.0862,-216202.24,-216.2022,-166753.92,-166.7539,-532042.32,-177.3474
Cycle,robot1_Total_Reward,robot1_Avg_Reward_per_Step,robot2_Total_Reward,robot2_Avg_Reward_per_Step,robot3_Total_Reward,robot3_Avg_Reward_per_Step,System_Total_Reward,System_Avg_Reward_per_Step
1510,-64809.41,-64.8094,-24227.08,-24.2271,-141039.88,-141.0399,-230076.37,-76.6921
1520,-60778.91,-60.7789,-47252.49,-47.2525,-54714.82,-54.7148,-162746.23,-54.2487
1530,-28842.20,-28.8422,-31336.11,-31.3361,-32612.24,-32.6122,-92790.55,-30.9302
Cycle,robot1_Total_Reward,robot1_Avg_Reward_per_Step,robot2_Total_Reward,robot2_Avg_Reward_per_Step,robot3_Total_Reward,robot3_Avg_Reward_per_Step,System_Total_Reward,System_Avg_Reward_per_Step
1510,-32217.01,-32.2170,-38879.00,-38.8790,-46054.88,-46.0549,-117150.88,-39.0503
1520,-37600.93,-37.6009,-39949.73,-39.9497,-276053.22,-276.0532,-353603.87,-117.8680
1530,-25713.96,-25.7140,-38201.51,-38.2015,-51257.65,-51.2577,-115173.12,-38.3910
1540,-23385.88,-23.3859,-24492.56,-24.4926,-204591.94,-204.5919,-252470.38,-84.1568
1550,-22130.87,-22.1309,-24898.40,-24.8984,-40287.53,-40.2875,-87316.79,-29.1056
1560,-21822.72,-21.8227,-47262.58,-47.2626,-53686.73,-53.6867,-122772.03,-40.9240
1570,-27941.13,-27.9411,-41922.19,-41.9222,-82407.24,-82.4072,-152270.56,-50.7569
1580,-22413.86,-22.4139,-36790.90,-36.7909,-35636.23,-35.6362,-94840.98,-31.6137
1590,-19572.48,-19.5725,-18174.32,-18.1743,-44172.43,-44.1724,-81919.22,-27.3064
1600,-760.47,-0.7605,-34008.15,-34.0082,-57719.28,-57.7193,-92487.91,-30.8293
1610,-24151.73,-24.1517,-42259.51,-42.2595,-34718.21,-34.7182,-101129.45,-33.7098
1620,-19261.72,-19.2617,-18730.93,-18.7309,-36859.01,-36.8590,-74851.65,-24.9505
1630,-119823.48,-119.8235,-259907.60,-259.9076,-48731.97,-48.7320,-428463.05,-142.8210
1640,-37428.52,-37.4285,-54205.23,-54.2052,-42562.94,-42.5629,-134196.69,-44.7322
1650,-37877.72,-37.8777,-42790.45,-42.7905,-41944.61,-41.9446,-122612.78,-40.8709
1660,-18766.04,-18.7660,-191660.44,-191.6604,-39803.12,-39.8031,-250229.60,-83.4099
1670,-40375.40,-40.3754,-47694.08,-47.6941,-235180.55,-235.1805,-323250.02,-107.7500
1680,-13284.48,-13.2845,-11838.51,-11.8385,-31030.83,-31.0308,-56153.83,-18.7179
1690,-19212.19,-19.2122,-26478.75,-26.4787,-33773.84,-33.7738,-79464.78,-26.4883
1700,-33718.36,-33.7184,-33372.50,-33.3725,-33008.28,-33.0083,-100099.14,-33.3664
1710,-14424.66,-14.4247,-116163.58,-116.1636,-41146.76,-41.1468,-171735.01,-57.2450
1720,-26469.01,-26.4690,-27947.64,-27.9476,-55500.72,-55.5007,-109917.36,-36.6391
1730,-26064.59,-26.0646,-31877.38,-31.8774,-33119.80,-33.1198,-91061.78,-30.3539
1740,-26012.53,-26.0125,-30659.89,-30.6599,-48530.39,-48.5304,-105202.81,-35.0676
1750,-5187.31,-5.1873,-38378.74,-38.3787,-47748.76,-47.7488,-91314.81,-30.4383
1760,-18120.33,-18.1203,-41633.67,-41.6337,-43432.06,-43.4321,-103186.06,-34.3954
1770,-29098.63,-29.0986,-2286.28,-2.2863,-48551.78,-48.5518,-79936.69,-26.6456
1780,-147661.19,-147.6612,-83636.45,-83.6364,-191068.30,-191.0683,-422365.93,-140.7886
1790,-14702.75,-14.7027,-24803.48,-24.8035,-47309.78,-47.3098,-86816.01,-28.9387
1800,-33585.79,-33.5858,-26042.58,-26.0426,-27650.73,-27.6507,-87279.10,-29.0930
1810,-28091.00,-28.0910,-34883.86,-34.8839,-33909.17,-33.9092,-96884.03,-32.2947
1820,-19986.50,-19.9865,-29794.37,-29.7944,-46448.85,-46.4489,-96229.73,-32.0766
1830,-18636.56,-18.6366,-17001.24,-17.0012,-38441.84,-38.4418,-74079.64,-24.6932
1840,-21952.30,-21.9523,-43313.80,-43.3138,-44552.50,-44.5525,-109818.60,-36.6062
1850,-20948.56,-20.9486,-26026.46,-26.0265,-27458.42,-27.4584,-74433.44,-24.8111
1860,-24856.57,-24.8566,-27728.81,-27.7288,-34442.68,-34.4427,-87028.06,-29.0094
1870,-13917.52,-13.9175,-24304.13,-24.3041,-35084.78,-35.0848,-73306.43,-24.4355
1880,-21897.20,-21.8972,-31499.22,-31.4992,-35268.74,-35.2687,-88665.16,-29.5551
1890,-18113.10,-18.1131,-35843.88,-35.8439,-41161.10,-41.1611,-95118.08,-31.7060
1900,-19538.55,-19.5385,-223240.98,-223.2410,-47945.14,-47.9451,-290724.67,-96.9082
1910,-21936.17,-21.9362,-35865.91,-35.8659,-37548.21,-37.5482,-95350.30,-31.7834
1920,-142595.93,-142.5959,-20380.06,-20.3801,-39064.56,-39.0646,-202040.55,-67.3468
1930,-32574.44,-32.5744,-29661.23,-29.6612,-44579.29,-44.5793,-106814.96,-35.6050
1940,-121349.51,-121.3495,-84479.53,-84.4795,-30405.01,-30.4050,-236234.05,-78.7447
1950,-28216.87,-28.2169,-26038.85,-26.0389,-43021.11,-43.0211,-97276.83,-32.4256
1960,-124166.62,-124.1666,-71293.38,-71.2934,-21358.96,-21.3590,-216818.96,-72.2730
1970,-18981.88,-18.9819,-31192.60,-31.1926,-34556.78,-34.5568,-84731.26,-28.2438
1980,-277778.61,-277.7786,-31779.89,-31.7799,-37220.77,-37.2208,-346779.27,-115.5931
1990,-43366.02,-43.3660,-13331.02,-13.3310,-43709.20,-43.7092,-100406.23,-33.4687
2000,-28186.46,-28.1865,-38582.82,-38.5828,-17449.15,-17.4492,-84218.44,-28.0728
2010,-41309.60,-41.3096,-32905.81,-32.9058,-36526.69,-36.5267,-110742.10,-36.9140
2020,-29972.91,-29.9729,-34197.72,-34.1977,-32716.16,-32.7162,-96886.79,-32.2956
2030,-30061.26,-30.0613,-44099.09,-44.0991,-94972.64,-94.9726,-169133.00,-56.3777
2040,-25694.57,-25.6946,-25394.31,-25.3943,-52473.04,-52.4730,-103561.92,-34.5206
2050,-27710.66,-27.7107,-31210.00,-31.2100,-37001.58,-37.0016,-95922.24,-31.9741
2060,-37392.11,-37.3921,-31696.28,-31.6963,-46107.42,-46.1074,-115195.81,-38.3986
2070,-29682.13,-29.6821,-25126.40,-25.1264,-33463.06,-33.4631,-88271.59,-29.4239
2080,-26089.19,-26.0892,-27232.12,-27.2321,-36941.01,-36.9410,-90262.32,-30.0874
2090,-31105.80,-31.1058,-31785.28,-31.7853,-35530.76,-35.5308,-98421.84,-32.8073
2100,-27464.44,-27.4644,-35839.82,-35.8398,-34067.71,-34.0677,-97371.97,-32.4573
2110,-34697.57,-34.6976,-36171.12,-36.1711,-40917.25,-40.9172,-111785.94,-37.2620
2120,-44079.99,-44.0800,-29428.88,-29.4289,-46406.11,-46.4061,-119914.98,-39.9717
2130,-29561.67,-29.5617,-39824.05,-39.8241,-34564.55,-34.5645,-103950.27,-34.6501
Cycle,robot1_Total_Reward,robot1_Avg_Reward_per_Step,robot2_Total_Reward,robot2_Avg_Reward_per_Step,robot3_Total_Reward,robot3_Avg_Reward_per_Step,System_Total_Reward,System_Avg_Reward_per_Step
2140,-32819.19,-32.8192,-44325.43,-44.3254,-30095.86,-30.0959,-107240.47,-35.7468
2150,-37666.85,-37.6669,-36273.86,-36.2739,-34878.59,-34.8786,-108819.30,-36.2731
2160,-38423.19,-38.4232,-40587.11,-40.5871,-46257.23,-46.2572,-125267.52,-41.7558
2170,-33396.96,-33.3970,-69536.79,-69.5368,-56159.19,-56.1592,-159092.95,-53.0310
2180,-50752.57,-50.7526,-50029.27,-50.0293,-30625.17,-30.6252,-131407.02,-43.8023
2190,-38733.03,-38.7330,-49773.37,-49.7734,-26579.05,-26.5791,-115085.45,-38.3618
2200,-34251.95,-34.2520,-36652.51,-36.6525,-42663.70,-42.6637,-113568.16,-37.8561
2210,-52893.53,-52.8935,-46187.62,-46.1876,-30636.44,-30.6364,-129717.59,-43.2392
2220,-33386.80,-33.3868,-63087.85,-63.0878,-51761.13,-51.7611,-148235.78,-49.4119
2230,-35117.61,-35.1176,-46729.02,-46.7290,-51011.84,-51.0118,-132858.47,-44.2862
2240,-133179.87,-133.1799,-70036.88,-70.0369,-96693.35,-96.6933,-299910.10,-99.9700
2250,-61810.52,-61.8105,-40751.53,-40.7515,-44628.28,-44.6283,-147190.33,-49.0634
2260,-49811.76,-49.8118,-51299.16,-51.2992,-53242.07,-53.2421,-154352.99,-51.4510
2270,-50130.24,-50.1302,-48220.11,-48.2201,-41657.21,-41.6572,-140007.56,-46.6692
2280,-44128.32,-44.1283,-66942.61,-66.9426,-57005.80,-57.0058,-168076.72,-56.0256
2290,-32981.38,-32.9814,-58749.64,-58.7496,-52975.21,-52.9752,-144706.23,-48.2354
2300,-26333.84,-26.3338,-49462.18,-49.4622,-41027.24,-41.0272,-116823.25,-38.9411
2310,-48386.53,-48.3865,-78240.17,-78.2402,-48198.24,-48.1982,-174824.94,-58.2750
2320,-70590.16,-70.5902,-47973.08,-47.9731,-35512.27,-35.5123,-154075.51,-51.3585
2330,-34567.96,-34.5680,-44156.15,-44.1562,-42990.14,-42.9901,-121714.26,-40.5714
2340,-31794.97,-31.7950,-50885.07,-50.8851,-38850.19,-38.8502,-121530.23,-40.5101
2350,-113277.52,-113.2775,-45818.97,-45.8190,-45470.79,-45.4708,-204567.27,-68.1891
2360,-36990.72,-36.9907,-198004.94,-198.0049,-39390.34,-39.3903,-274386.00,-91.4620
2370,-40232.07,-40.2321,-49806.05,-49.8060,-59524.92,-59.5249,-149563.03,-49.8543
2380,-100051.01,-100.0510,-62858.68,-62.8587,-63643.13,-63.6431,-226552.82,-75.5176
Cycle,robot1_Total_Reward,robot1_Avg_Reward_per_Step,robot2_Total_Reward,robot2_Avg_Reward_per_Step,robot3_Total_Reward,robot3_Avg_Reward_per_Step,System_Total_Reward,System_Avg_Reward_per_Step
2390,-41322.16,-41.3222,-81671.29,-81.6713,-86911.58,-86.9116,-209905.03,-69.9683
2400,-60216.50,-60.2165,-95518.26,-95.5183,-53795.87,-53.7959,-209530.64,-69.8435
2410,-57599.43,-57.5994,-55833.73,-55.8337,-51750.70,-51.7507,-165183.86,-55.0613
2420,-49830.46,-49.8305,-57267.41,-57.2674,-53245.23,-53.2452,-160343.11,-53.4477
2430,-62930.22,-62.9302,-71304.65,-71.3046,-39361.19,-39.3612,-173596.06,-57.8654
2440,-44243.02,-44.2430,-55576.86,-55.5769,-69663.49,-69.6635,-169483.36,-56.4945
2450,-38881.44,-38.8814,-46794.48,-46.7945,-61689.77,-61.6898,-147365.69,-49.1219
2460,-52846.21,-52.8462,-41499.56,-41.4996,-49337.41,-49.3374,-143683.18,-47.8944
2470,-39946.83,-39.9468,-39347.87,-39.3479,-89112.05,-89.1121,-168406.75,-56.1356
2480,-66188.89,-66.1889,-65366.41,-65.3664,-64184.33,-64.1843,-195739.63,-65.2465
2490,-40465.29,-40.4653,-55883.30,-55.8833,-35954.90,-35.9549,-132303.48,-44.1012
2500,-57906.49,-57.9065,-51663.72,-51.6637,-76790.94,-76.7909,-186361.15,-62.1204
2510,-30711.48,-30.7115,-49551.29,-49.5513,-31242.95,-31.2430,-111505.73,-37.1686
Cycle,robot1_Total_Reward,robot1_Avg_Reward_per_Step,robot2_Total_Reward,robot2_Avg_Reward_per_Step,robot3_Total_Reward,robot3_Avg_Reward_per_Step,System_Total_Reward,System_Avg_Reward_per_Step
2390,-69278.51,-69.2785,-117264.67,-117.2647,-81287.11,-81.2871,-267830.29,-89.2768
2400,-61095.49,-61.0955,-83224.58,-83.2246,-75830.29,-75.8303,-220150.36,-73.3835
2410,-68229.66,-68.2297,-73928.61,-73.9286,-85879.64,-85.8796,-228037.91,-76.0126
2420,-75158.46,-75.1585,-118222.54,-118.2225,-73326.12,-73.3261,-266707.13,-88.9024
2430,-81261.05,-81.2611,-59446.37,-59.4464,-77182.10,-77.1821,-217889.53,-72.6298
2440,-53386.07,-53.3861,-74195.00,-74.1950,-64749.52,-64.7495,-192330.60,-64.1102
2450,-78721.58,-78.7216,-73245.92,-73.2459,-54291.19,-54.2912,-206258.70,-68.7529
2460,-90382.93,-90.3829,-85232.23,-85.2322,-79619.48,-79.6195,-255234.64,-85.0782
2470,-62593.52,-62.5935,-84151.11,-84.1511,-58499.84,-58.4998,-205244.46,-68.4148
2480,-71259.89,-71.2599,-63099.12,-63.0991,-44371.07,-44.3711,-178730.08,-59.5767
2490,-49174.78,-49.1748,311807.72,311.8077,191591.53,191.5915,454224.47,151.4082
2500,-71746.03,-71.7460,-50603.70,-50.6037,-59367.51,-59.3675,-181717.24,-60.5724
2510,-57690.76,-57.6908,-90588.47,-90.5885,-88715.06,-88.7151,-236994.30,-78.9981
2520,-59301.75,-59.3018,-69899.69,-69.8997,-52554.03,-52.5540,-181755.47,-60.5852
2530,-63242.92,-63.2429,-71578.22,-71.5782,-48416.12,-48.4161,-183237.26,-61.0791
2540,-33797.98,-33.7980,-35673.64,-35.6736,-64578.00,-64.5780,-134049.63,-44.6832
2550,-39292.21,-39.2922,-67337.04,-67.3370,-85266.37,-85.2664,-191895.62,-63.9652
2560,-53368.87,-53.3689,-46838.56,-46.8386,-48793.26,-48.7933,-149000.70,-49.6669
2570,-41583.92,-41.5839,-57058.73,-57.0587,-66853.31,-66.8533,-165495.95,-55.1653
2580,-40862.25,-40.8623,-75494.14,-75.4941,-40073.45,-40.0734,-156429.84,-52.1433
2590,-1227.66,-1.2277,-50131.14,-50.1311,-50996.72,-50.9967,-102355.52,-34.1185
2600,-41779.86,-41.7799,-444992.28,-444.9923,-411114.42,-411.1144,-897886.56,-299.2955
2610,-28572.33,-28.5723,-66840.73,-66.8407,-56081.77,-56.0818,-151494.82,-50.4983
2620,-33075.33,-33.0753,-82549.30,-82.5493,-56112.66,-56.1127,-171737.29,-57.2458
2630,-54414.29,-54.4143,-73605.60,-73.6056,-45091.34,-45.0913,-173111.23,-57.7037
2640,-35337.18,-35.3372,-47438.10,-47.4381,-106273.56,-106.2736,-189048.84,-63.0163
2650,-38966.15,-38.9661,-60895.39,-60.8954,-58288.94,-58.2889,-158150.48,-52.7168
2660,-32964.45,-32.9644,-50186.45,-50.1865,-66829.24,-66.8292,-149980.14,-49.9934
2670,-24278.39,-24.2784,-50526.64,-50.5266,-75917.94,-75.9179,-150722.98,-50.2410
2680,-44082.14,-44.0821,-80286.74,-80.2867,-45257.59,-45.2576,-169626.47,-56.5422
2690,-43105.22,-43.1052,-46525.87,-46.5259,-59048.91,-59.0489,-148680.01,-49.5600
2700,-40443.61,-40.4436,-31200.48,-31.2005,-39988.17,-39.9882,-111632.27,-37.2108
2710,-35071.19,-35.0712,-48831.45,-48.8315,-49451.93,-49.4519,-133354.58,-44.4515
2720,-38705.94,-38.7059,-46194.76,-46.1948,-34905.93,-34.9059,-119806.63,-39.9355
2730,-41917.96,-41.9180,-62499.88,-62.4999,1239.57,1.2396,-103178.27,-34.3928
2740,-52411.12,-52.4111,-54058.90,-54.0589,-145939.93,-145.9399,-252409.95,-84.1367
2750,-59798.42,-59.7984,-44358.46,-44.3585,-80451.79,-80.4518,-184608.67,-61.5362
2760,-50651.05,-50.6511,-42593.13,-42.5931,-56215.08,-56.2151,-149459.26,-49.8198
2770,-67243.48,-67.2435,-60403.90,-60.4039,-52501.51,-52.5015,-180148.89,-60.0496
2780,-42347.79,-42.3478,-45351.97,-45.3520,-37353.98,-37.3540,-125053.74,-41.6846
2790,-30088.01,-30.0880,-55662.64,-55.6626,-39405.75,-39.4057,-125156.40,-41.7188
2800,-34130.70,-34.1307,-50298.76,-50.2988,-45997.16,-45.9972,-130426.62,-43.4755
2810,-42200.94,-42.2009,-34725.12,-34.7251,-31133.63,-31.1336,-108059.69,-36.0199
2820,-58714.12,-58.7141,-65546.33,-65.5463,-29303.56,-29.3036,-153564.00,-51.1880
2830,-41594.54,-41.5945,-58047.74,-58.0477,-53008.44,-53.0084,-152650.72,-50.8836
2840,-44683.28,-44.6833,-64540.10,-64.5401,-54611.22,-54.6112,-163834.60,-54.6115
2850,-40922.56,-40.9226,-59204.85,-59.2049,-31097.23,-31.0972,-131224.64,-43.7415
2860,-35700.17,-35.7002,-39913.72,-39.9137,-30413.59,-30.4136,-106027.48,-35.3425
2870,-59589.10,-59.5891,-28748.23,-28.7482,-56500.35,-56.5003,-144837.67,-48.2792
2880,-32507.95,-32.5079,-26205.27,-26.2053,-32198.15,-32.1981,-90911.36,-30.3038
2890,-32923.81,-32.9238,-44663.07,-44.6631,-40841.53,-40.8415,-118428.40,-39.4761
2900,-36594.18,-36.5942,-26479.54,-26.4795,-76967.12,-76.9671,-140040.83,-46.6803
2910,-33442.15,-33.4422,-58134.34,-58.1343,-41273.46,-41.2735,-132849.96,-44.2833
2920,-39672.70,-39.6727,-65328.07,-65.3281,-43077.16,-43.0772,-148077.93,-49.3593
2930,-57379.95,-57.3800,-69556.25,-69.5563,-31919.94,-31.9199,-158856.15,-52.9520
2940,-38083.49,-38.0835,-35382.26,-35.3823,-42813.89,-42.8139,-116279.64,-38.7599
2950,-42252.14,-42.2521,-40725.58,-40.7256,-39087.28,-39.0873,-122064.99,-40.6883
2960,-28319.97,-28.3200,-46381.30,-46.3813,-43285.54,-43.2855,-117986.81,-39.3289
2970,-48823.95,-48.8239,-49515.86,-49.5159,-55136.30,-55.1363,-153476.11,-51.1587
2980,-52306.20,-52.3062,16677.10,16.6771,34611.61,34.6116,-1017.49,-0.3392
2990,-33817.30,-33.8173,-27985.38,-27.9854,-30183.79,-30.1838,-91986.47,-30.6622
3000,-29142.70,-29.1427,-45659.48,-45.6595,-28028.75,-28.0288,-102830.93,-34.2770
3010,-32640.87,-32.6409,-43115.79,-43.1158,-41727.36,-41.7274,-117484.03,-39.1613
3020,-47117.96,-47.1180,-59274.40,-59.2744,-118427.75,-118.4278,-224820.12,-74.9400
Cycle,robot1_Total_Reward,robot1_Avg_Reward_per_Step,robot2_Total_Reward,robot2_Avg_Reward_per_Step,robot3_Total_Reward,robot3_Avg_Reward_per_Step,System_Total_Reward,System_Avg_Reward_per_Step
2390,-112743.74,-112.7437,-145489.33,-145.4893,-281177.94,-281.1779,-539411.01,-179.8037
Cycle,robot1_Total_Reward,robot1_Avg_Reward_per_Step,robot2_Total_Reward,robot2_Avg_Reward_per_Step,robot3_Total_Reward,robot3_Avg_Reward_per_Step,System_Total_Reward,System_Avg_Reward_per_Step
810,-144668.74,-144.6687,-186114.33,-186.1143,-226484.88,-226.4849,-557267.95,-185.7560
Cycle,robot1_Total_Reward,robot1_Avg_Reward_per_Step,robot2_Total_Reward,robot2_Avg_Reward_per_Step,robot3_Total_Reward,robot3_Avg_Reward_per_Step,System_Total_Reward,System_Avg_Reward_per_Step
810,-94373.90,-94.3739,-101006.89,-101.0069,-138016.37,-138.0164,-333397.16,-111.1324
820,-115105.63,-115.1056,-117530.84,-117.5308,-104284.58,-104.2846,-336921.06,-112.3070
830,-66718.25,-66.7182,-109212.99,-109.2130,-80394.40,-80.3944,-256325.64,-85.4419
840,-196257.69,-196.2577,-72573.03,-72.5730,-217809.58,-217.8096,-486640.30,-162.2134
Cycle,robot1_Total_Reward,robot1_Avg_Reward_per_Step,robot2_Total_Reward,robot2_Avg_Reward_per_Step,robot3_Total_Reward,robot3_Avg_Reward_per_Step,System_Total_Reward,System_Avg_Reward_per_Step
Cycle,robot1_Total_Reward,robot1_Avg_Reward_per_Step,robot2_Total_Reward,robot2_Avg_Reward_per_Step,robot3_Total_Reward,robot3_Avg_Reward_per_Step,System_Total_Reward,System_Avg_Reward_per_Step
850,-137513.05,-137.5131,-139422.84,-139.4228,-119158.70,-119.1587,-396094.59,-132.0315
860,-114741.07,-114.7411,-60564.54,-60.5645,-209178.09,-209.1781,-384483.70,-128.1612
870,-82261.56,-82.2616,-115778.46,-115.7785,-99433.36,-99.4334,-297473.39,-99.1578
Cycle,robot1_Total_Reward,robot1_Avg_Reward_per_Step,robot2_Total_Reward,robot2_Avg_Reward_per_Step,robot3_Total_Reward,robot3_Avg_Reward_per_Step,System_Total_Reward,System_Avg_Reward_per_Step
Cycle,robot1_Total_Reward,robot1_Avg_Reward_per_Step,robot2_Total_Reward,robot2_Avg_Reward_per_Step,robot3_Total_Reward,robot3_Avg_Reward_per_Step,System_Total_Reward,System_Avg_Reward_per_Step
Cycle,robot1_Total_Reward,robot1_Avg_Reward_per_Step,robot2_Total_Reward,robot2_Avg_Reward_per_Step,robot3_Total_Reward,robot3_Avg_Reward_per_Step,System_Total_Reward,System_Avg_Reward_per_Step
Cycle,robot1_Total_Reward,robot1_Avg_Reward_per_Step,robot2_Total_Reward,robot2_Avg_Reward_per_Step,robot3_Total_Reward,robot3_Avg_Reward_per_Step,System_Total_Reward,System_Avg_Reward_per_Step
880,-137262.93,-137.2629,-151060.88,-151.0609,-131553.47,-131.5535,-419877.29,-139.9591
Cycle,robot1_Total_Reward,robot1_Avg_Reward_per_Step,robot2_Total_Reward,robot2_Avg_Reward_per_Step,robot3_Total_Reward,robot3_Avg_Reward_per_Step,System_Total_Reward,System_Avg_Reward_per_Step
Cycle,robot1_Total_Reward,robot1_Avg_Reward_per_Step,robot2_Total_Reward,robot2_Avg_Reward_per_Step,robot3_Total_Reward,robot3_Avg_Reward_per_Step,System_Total_Reward,System_Avg_Reward_per_Step
890,-298012.12,-298.0121,-319711.40,-319.7114,-284947.66,-284.9477,-902671.18,-300.8904
900,-1238159.56,-1238.1596,-1372788.42,-1372.7884,-230663.66,-230.6637,-2841611.64,-947.2039
910,-572209.87,-572.2099,-236693.56,-236.6936,-227687.17,-227.6872,-1036590.60,-345.5302
920,-497105.84,-497.1058,-197225.13,-197.2251,-262069.20,-262.0692,-956400.16,-318.8001
930,-289944.60,-289.9446,-646067.51,-646.0675,-273286.44,-273.2864,-1209298.55,-403.0995
940,-267943.86,-267.9439,-977680.84,-977.6808,-267101.96,-267.1020,-1512726.67,-504.2422
950,-262655.19,-262.6552,-257228.94,-257.2289,-322085.31,-322.0853,-841969.44,-280.6565
960,-793959.38,-793.9594,-1389760.38,-1389.7604,-1579514.66,-1579.5147,-3763234.42,-1254.4115
970,-1609859.39,-1609.8594,-888291.61,-888.2916,-1398704.66,-1398.7047,-3896855.66,-1298.9519
980,-2846830.17,-2846.8302,-237008.91,-237.0089,-1784979.90,-1784.9799,-4868818.98,-1622.9397
990,-2783841.62,-2783.8416,-237444.04,-237.4440,-1103966.42,-1103.9664,-4125252.08,-1375.0840
1000,-975394.18,-975.3942,-638891.55,-638.8915,-2731731.72,-2731.7317,-4346017.45,-1448.6725
Cycle,robot1_Total_Reward,robot1_Avg_Reward_per_Step,robot2_Total_Reward,robot2_Avg_Reward_per_Step,robot3_Total_Reward,robot3_Avg_Reward_per_Step,System_Total_Reward,System_Avg_Reward_per_Step
1010,-205227.47,-205.2275,-195044.24,-195.0442,-258731.11,-258.7311,-659002.81,-219.6676
1020,-174721.60,-174.7216,-160482.03,-160.4820,-122876.15,-122.8761,-458079.78,-152.6933
1030,-325483.33,-325.4833,-213690.50,-213.6905,-329177.20,-329.1772,-868351.03,-289.4503
Cycle,robot1_Total_Reward,robot1_Avg_Reward_per_Step,robot2_Total_Reward,robot2_Avg_Reward_per_Step,robot3_Total_Reward,robot3_Avg_Reward_per_Step,System_Total_Reward,System_Avg_Reward_per_Step
1040,-234289.13,-234.2891,-254077.42,-254.0774,-294696.73,-294.6967,-783063.28,-261.0211
1050,-230268.52,-230.2685,-236642.72,-236.6427,-327276.61,-327.2766,-794187.85,-264.7293
1060,-455022.79,-455.0228,-188892.96,-188.8930,-325255.37,-325.2554,-969171.11,-323.0570
Cycle,robot1_Total_Reward,robot1_Avg_Reward_per_Step,robot2_Total_Reward,robot2_Avg_Reward_per_Step,robot3_Total_Reward,robot3_Avg_Reward_per_Step,System_Total_Reward,System_Avg_Reward_per_Step
1070,-179017.55,-179.0175,-157641.22,-157.6412,-219075.15,-219.0752,-555733.93,-185.2446
1080,-151295.78,-151.2958,-135215.20,-135.2152,-221357.14,-221.3571,-507868.13,-169.2894
1090,-136327.19,-136.3272,-134132.92,-134.1329,-200997.19,-200.9972,-471457.30,-157.1524
1100,-110638.36,-110.6384,-72345.09,-72.3451,-188751.88,-188.7519,-371735.33,-123.9118
1110,-119373.51,-119.3735,-103170.93,-103.1709,-147557.39,-147.5574,-370101.82,-123.3673
1120,-102834.53,-102.8345,-103708.07,-103.7081,-108812.75,-108.8127,-315355.35,-105.1185
1130,-120964.85,-120.9648,-87188.65,-87.1886,-97207.61,-97.2076,-305361.11,-101.7870
1140,-101106.22,-101.1062,-69440.47,-69.4405,-76116.25,-76.1162,-246662.94,-82.2210
1150,-85022.35,-85.0224,-81114.54,-81.1145,-61796.73,-61.7967,-227933.63,-75.9779
1160,-90531.31,-90.5313,-76527.44,-76.5274,-74793.93,-74.7939,-241852.68,-80.6176
Cycle,robot1_Total_Reward,robot1_Avg_Reward_per_Step,robot2_Total_Reward,robot2_Avg_Reward_per_Step,robot3_Total_Reward,robot3_Avg_Reward_per_Step,System_Total_Reward,System_Avg_Reward_per_Step
1170,-19942.90,-19.9429,-139177.61,-139.1776,-59919.44,-59.9194,-219039.95,-73.0133
Cycle,robot1_Total_Reward,robot1_Avg_Reward_per_Step,robot2_Total_Reward,robot2_Avg_Reward_per_Step,robot3_Total_Reward,robot3_Avg_Reward_per_Step,System_Total_Reward,System_Avg_Reward_per_Step
1180,-241327.40,-241.3274,-117038.51,-117.0385,-109629.18,-109.6292,-467995.09,-155.9984
1190,27409.28,27.4093,-29168.63,-29.1686,13109.56,13.1096,11350.21,3.7834
1200,-77594.88,-77.5949,-18854.89,-18.8549,-5855.09,-5.8551,-102304.87,-34.1016
1210,-171237.43,-171.2374,-13707.57,-13.7076,-118506.40,-118.5064,-303451.40,-101.1505
1220,-45345.92,-45.3459,-4487.91,-4.4879,-44239.63,-44.2396,-94073.45,-31.3578
Cycle,robot1_Total_Reward,robot1_Avg_Reward_per_Step,robot2_Total_Reward,robot2_Avg_Reward_per_Step,robot3_Total_Reward,robot3_Avg_Reward_per_Step,System_Total_Reward,System_Avg_Reward_per_Step
Cycle,robot1_Total_Reward,robot1_Avg_Reward_per_Step,robot2_Total_Reward,robot2_Avg_Reward_per_Step,robot3_Total_Reward,robot3_Avg_Reward_per_Step,System_Total_Reward,System_Avg_Reward_per_Step
1230,-60789.18,-60.7892,-65507.38,-65.5074,-67791.40,-67.7914,-194087.96,-64.6960
1240,-12616.31,-12.6163,-105813.30,-105.8133,-50935.55,-50.9355,-169365.16,-56.4551
1250,-44984.21,-44.9842,-121562.58,-121.5626,-68348.57,-68.3486,-234895.36,-78.2985
1260,-46155.06,-46.1551,-49210.89,-49.2109,-45154.52,-45.1545,-140520.47,-46.8402
1270,-21196.00,-21.1960,-72253.10,-72.2531,-47224.74,-47.2247,-140673.84,-46.8913
1280,-249884.78,-249.8848,3578.09,3.5781,-41976.27,-41.9763,-288282.96,-96.0943
1290,41450.39,41.4504,31685.45,31.6855,-56404.30,-56.4043,16731.54,5.5772
1300,-32032.34,-32.0323,-38139.70,-38.1397,-46267.53,-46.2675,-116439.57,-38.8132
Cycle,robot1_Total_Reward,robot1_Avg_Reward_per_Step,robot2_Total_Reward,robot2_Avg_Reward_per_Step,robot3_Total_Reward,robot3_Avg_Reward_per_Step,System_Total_Reward,System_Avg_Reward_per_Step
1310,10614.99,5.3075,-12258.17,-6.1291,-94463.79,-47.2319,-96106.96,-16.0178
1320,-102971.34,-51.4857,-30717.60,-15.3588,-102174.78,-51.0874,-235863.73,-39.3106
1330,-157491.12,-78.7456,-89187.34,-44.5937,-76973.61,-38.4868,-323652.07,-53.9420
1340,-62693.36,-31.3467,-58677.16,-29.3386,-123537.96,-61.7690,-244908.48,-40.8181
1350,-46167.08,-23.0835,-6853.90,-3.4269,-92249.59,-46.1248,-145270.57,-24.2118
1360,-46655.47,-23.3277,-70635.47,-35.3177,-99992.92,-49.9965,-217283.86,-36.2140
1370,-128806.01,-64.4030,-112472.92,-56.2365,-113559.86,-56.7799,-354838.79,-59.1398
1380,-177856.64,-88.9283,-118350.51,-59.1753,-124002.54,-62.0013,-420209.69,-70.0349
1390,-273330.29,-136.6651,-121469.51,-60.7348,-61637.00,-30.8185,-456436.79,-76.0728
1400,-41779.43,-20.8897,44607.22,22.3036,-86976.49,-43.4882,-84148.69,-14.0248
1410,-220478.07,-110.2390,-86426.14,-43.2131,-104676.59,-52.3383,-411580.80,-68.5968
1420,-115916.94,-57.9585,-124585.43,-62.2927,-103225.08,-51.6125,-343727.45,-57.2879
1430,-139343.08,-69.6715,-76582.75,-38.2914,-88277.99,-44.1390,-304203.82,-50.7006
Cycle,robot1_Total_Reward,robot1_Avg_Reward_per_Step,robot2_Total_Reward,robot2_Avg_Reward_per_Step,robot3_Total_Reward,robot3_Avg_Reward_per_Step,System_Total_Reward,System_Avg_Reward_per_Step
Cycle,robot1_Total_Reward,robot1_Avg_Reward_per_Step,robot2_Total_Reward,robot2_Avg_Reward_per_Step,robot3_Total_Reward,robot3_Avg_Reward_per_Step,System_Total_Reward,System_Avg_Reward_per_Step
1440,-296895.00,-148.4475,-486202.02,-243.1010,-644907.07,-322.4535,-1428004.09,-238.0007
1450,-571159.13,-285.5796,-433530.48,-216.7652,-488142.94,-244.0715,-1492832.55,-248.8054
1460,-394083.82,-197.0419,-438393.47,-219.1967,-765783.50,-382.8918,-1598260.79,-266.3768
1470,-394585.96,-197.2930,-114507.33,-57.2537,-555527.04,-277.7635,-1064620.32,-177.4367
1480,-541077.49,-270.5387,-364600.68,-182.3003,-516828.79,-258.4144,-1422506.97,-237.0845
1490,-312877.02,-156.4385,-230154.11,-115.0771,-710511.38,-355.2557,-1253542.52,-208.9238
1500,-284850.34,-142.4252,-166966.90,-83.4835,-680408.98,-340.2045,-1132226.23,-188.7044
1510,-422991.08,-211.4955,-599881.24,-299.9406,-227451.80,-113.7259,-1250324.12,-208.3874
1520,-549358.99,-274.6795,-513409.84,-256.7049,-255942.85,-127.9714,-1318711.68,-219.7853
1530,-518428.90,-259.2144,-719971.71,-359.9859,-617687.38,-308.8437,-1856087.99,-309.3480
1540,-800416.30,-400.2082,-178398.68,-89.1993,-172778.07,-86.3890,-1151593.05,-191.9322
1550,-351460.59,-175.7303,-461718.65,-230.8593,-63021.97,-31.5110,-876201.20,-146.0335
1560,-964664.19,-482.3321,-502850.99,-251.4255,-899398.42,-449.6992,-2366913.60,-394.4856
1570,-210527.09,-105.2635,-661759.01,-330.8795,-489460.59,-244.7303,-1361746.69,-226.9578
1580,-784931.92,-392.4660,-422207.50,-211.1038,-633796.06,-316.8980,-1840935.48,-306.8226
1590,-333884.68,-166.9423,-549563.45,-274.7817,-998194.36,-499.0972,-1881642.48,-313.6071
1600,-879144.15,-439.5721,-474245.92,-237.1230,-404489.90,-202.2449,-1757879.96,-292.9800
1610,-552578.35,-276.2892,-865381.96,-432.6910,-300992.14,-150.4961,-1718952.45,-286.4921
1620,-422659.16,-211.3296,-324405.94,-162.2030,-954861.80,-477.4309,-1701926.89,-283.6545
1630,-304368.86,-152.1844,-830154.34,-415.0772,-432304.53,-216.1523,-1566827.73,-261.1380
1640,-368112.91,-184.0565,-926817.97,-463.4090,-345758.21,-172.8791,-1640689.09,-273.4482
1650,-362330.36,-181.1652,-366880.32,-183.4402,-201179.42,-100.5897,-930390.10,-155.0650
1660,-434254.29,-217.1271,-176493.85,-88.2469,-409985.02,-204.9925,-1020733.16,-170.1222
1670,-417029.13,-208.5146,-615850.45,-307.9252,-498847.77,-249.4239,-1531727.35,-255.2879
1680,-452997.57,-226.4988,-275395.20,-137.6976,-143223.94,-71.6120,-871616.71,-145.2695
1690,-320001.31,-160.0007,-94066.29,-47.0331,-408803.60,-204.4018,-822871.21,-137.1452
1700,-616864.98,-308.4325,-495081.38,-247.5407,-822064.21,-411.0321,-1934010.56,-322.3351
1710,-242287.40,-121.1437,-198594.48,-99.2972,-486201.23,-243.1006,-927083.11,-154.5139
1720,-582707.44,-291.3537,-141995.80,-70.9979,-216157.13,-108.0786,-940860.38,-156.8101
1730,-539566.46,-269.7832,-321364.63,-160.6823,-353407.15,-176.7036,-1214338.24,-202.3897
1740,-512809.82,-256.4049,-422551.02,-211.2755,-649764.25,-324.8821,-1585125.08,-264.1875
1750,-154535.33,-77.2677,-495040.82,-247.5204,-546842.62,-273.4213,-1196418.77,-199.4031
1760,-599404.34,-299.7022,-597013.76,-298.5069,-363216.91,-181.6085,-1559635.02,-259.9392
1770,-821490.32,-410.7452,-352263.03,-176.1315,-475377.42,-237.6887,-1649130.76,-274.8551
1780,-152809.27,-76.4046,-161069.06,-80.5345,-1166344.16,-583.1721,-1480222.48,-246.7037
Cycle,robot1_Total_Reward,robot1_Avg_Reward_per_Step,robot2_Total_Reward,robot2_Avg_Reward_per_Step,robot3_Total_Reward,robot3_Avg_Reward_per_Step,System_Total_Reward,System_Avg_Reward_per_Step
1790,-144234.19,-291.9721,-87422.28,-176.9682,-90777.49,-183.7601,-322433.96,-217.5668
Cycle,robot1_Total_Reward,robot1_Avg_Reward_per_Step,robot2_Total_Reward,robot2_Avg_Reward_per_Step,robot3_Total_Reward,robot3_Avg_Reward_per_Step,System_Total_Reward,System_Avg_Reward_per_Step
1790,-450720.11,-225.3601,-367435.59,-183.7178,-271105.66,-135.5528,-1089261.36,-181.5436
Cycle,robot1_Total_Reward,robot1_Avg_Reward_per_Step,robot2_Total_Reward,robot2_Avg_Reward_per_Step,robot3_Total_Reward,robot3_Avg_Reward_per_Step,System_Total_Reward,System_Avg_Reward_per_Step
1800,-679125.21,-339.5626,-395091.14,-197.5456,-767063.57,-383.5318,-1841279.93,-306.8800
1810,-269284.93,-134.6425,-249400.48,-124.7002,-447750.14,-223.8751,-966435.55,-161.0726
1820,-432686.12,-216.3431,-285436.55,-142.7183,-181746.43,-90.8732,-899869.11,-149.9782
1830,-487291.38,-243.6457,-257828.43,-128.9142,-230879.42,-115.4397,-975999.23,-162.6665
Cycle,robot1_Total_Reward,robot1_Avg_Reward_per_Step,robot2_Total_Reward,robot2_Avg_Reward_per_Step,robot3_Total_Reward,robot3_Avg_Reward_per_Step,System_Total_Reward,System_Avg_Reward_per_Step
1850,-531871.27,-265.9356,-311341.48,-155.6707,-166389.15,-83.1946,-1009601.91,-168.2670
Cycle,robot1_Total_Reward,robot1_Avg_Reward_per_Step,robot2_Total_Reward,robot2_Avg_Reward_per_Step,robot3_Total_Reward,robot3_Avg_Reward_per_Step,System_Total_Reward,System_Avg_Reward_per_Step
1860,-339512.93,-169.7565,-244723.77,-122.3619,-765744.59,-382.8723,-1349981.29,-224.9969
Cycle,robot1_Total_Reward,robot1_Avg_Reward_per_Step,robot2_Total_Reward,robot2_Avg_Reward_per_Step,robot3_Total_Reward,robot3_Avg_Reward_per_Step,System_Total_Reward,System_Avg_Reward_per_Step
1860,-643385.80,-321.6929,-320074.20,-160.0371,-193087.32,-96.5437,-1156547.32,-192.7579
1870,-878871.20,-439.4356,-551986.19,-275.9931,-676589.07,-338.2945,-2107446.46,-351.2411
1880,-530144.19,-265.0721,-417531.12,-208.7656,-346555.88,-173.2779,-1294231.19,-215.7052
1890,-498679.10,-249.3395,-399046.61,-199.5233,-583620.48,-291.8102,-1481346.18,-246.8910
1900,-810084.97,-405.0425,-693237.02,-346.6185,-643252.97,-321.6265,-2146574.97,-357.7625
1910,-445905.21,-222.9526,-68797.89,-34.3989,-441115.76,-220.5579,-955818.86,-159.3031
1920,-287818.88,-143.9094,-446880.66,-223.4403,-511028.77,-255.5144,-1245728.31,-207.6214
1930,-323588.55,-161.7943,-762777.69,-381.3888,-312462.67,-156.2313,-1398828.91,-233.1382
1940,-276011.17,-138.0056,-566543.11,-283.2716,-684818.47,-342.4092,-1527372.75,-254.5621
1950,-556441.00,-278.2205,-408381.61,-204.1908,-390163.24,-195.0816,-1354985.86,-225.8310
Cycle,robot1_Total_Reward,robot1_Avg_Reward_per_Step,robot2_Total_Reward,robot2_Avg_Reward_per_Step,robot3_Total_Reward,robot3_Avg_Reward_per_Step,System_Total_Reward,System_Avg_Reward_per_Step
1960,-103769.02,-148.4535,-182176.64,-272.3119,-61620.77,-97.5012,-347566.42,-173.7832
1970,-52146.49,-80.1021,-74477.34,-113.3597,-109135.60,-157.7104,-235759.43,-117.8797
Cycle,robot1_Total_Reward,robot1_Avg_Reward_per_Step,robot2_Total_Reward,robot2_Avg_Reward_per_Step,robot3_Total_Reward,robot3_Avg_Reward_per_Step,System_Total_Reward,System_Avg_Reward_per_Step
10,-3896.29,-2.3359,-23197.84,-13.9326,-14691.54,-8.8132,-41785.68,-8.3571
Cycle,robot1_Total_Reward,robot1_Avg_Reward_per_Step,robot2_Total_Reward,robot2_Avg_Reward_per_Step,robot3_Total_Reward,robot3_Avg_Reward_per_Step,System_Total_Reward,System_Avg_Reward_per_Step
20,-2475.31,-1.4831,-11539.80,-6.9267,-15683.04,-9.4192,-29698.15,-5.9396
30,-15626.35,-9.3347,-15634.48,-9.4297,-8068.60,-4.8373,-39329.43,-7.8659
40,-12206.51,-7.3181,-12702.18,-7.6244,-12530.59,-7.5214,-37439.29,-7.4879
50,-7590.61,-4.5535,-4985.13,-2.9923,-8687.53,-5.2115,-21263.27,-4.2527
60,-9029.91,-5.3942,-9372.47,-5.6257,-13548.50,-8.1617,-31950.88,-6.3902
70,-22861.38,-13.6977,-3638.98,-2.1830,-5450.34,-3.2754,-31950.70,-6.3901
80,-9666.53,-5.8127,-10628.78,-6.3607,-10553.09,-6.3344,-30848.40,-6.1697
90,-4696.15,-2.8205,-6906.00,-4.1428,-12782.35,-7.6633,-24384.50,-4.8769
100,-8980.52,-5.3679,-27996.39,-16.9060,-10570.76,-6.3260,-47547.66,-9.5095
110,-8002.91,-4.7922,-7317.41,-4.3869,-26070.35,-15.6861,-41390.66,-8.2781
120,-3267.58,-1.9566,-12697.09,-7.6213,-11799.66,-7.0911,-27764.33,-5.5529
130,-7332.95,-4.3884,-6064.21,-3.6378,-4622.04,-2.7810,-18019.20,-3.6038
140,-3353.70,-2.0058,-5084.74,-3.0411,-3266.55,-1.9726,-11704.99,-2.3410
150,5418.17,3.2483,-4954.06,-2.9736,-2361.28,-1.4173,-1897.17,-0.3794
160,-11244.42,-6.7332,-22998.65,-13.7882,-14819.29,-8.9165,-49062.36,-9.8125
170,-391.86,-0.2354,-5008.30,-3.0080,-6288.50,-3.7656,-11688.66,-2.3377
180,-7933.07,-4.7703,-29018.12,-17.3865,-9159.94,-5.4916,-46111.14,-9.2222
190,-6667.82,-3.9903,-22105.61,-13.3488,-8344.06,-4.9875,-37117.50,-7.4235
200,4052.70,2.4385,-3546.80,-2.1264,-4175.33,-2.5002,-3669.42,-0.7339
210,-28702.25,-10.5252,4906.75,1.7908,-12414.11,-4.5556,-36209.62,-4.4201
220,-11546.57,-4.2295,-37011.93,-13.5625,-13144.15,-4.8094,-61702.64,-7.5321
230,-450.52,-0.1654,-14904.66,-5.4636,286.24,0.1045,-15068.94,-1.8395
240,-8384.80,-3.0680,-6946.47,-2.5473,-14079.99,-5.1537,-29411.27,-3.5902
250,-5709.20,-2.0944,-11125.59,-4.0768,-5808.38,-2.1222,-22643.17,-2.7641
260,-9378.49,-3.4429,-5304.38,-1.9380,-12874.40,-4.7142,-27557.27,-3.3639
270,-16468.84,-6.0370,-6278.42,-2.2973,-14934.01,-5.4683,-37681.27,-4.5998
Cycle,robot1_Total_Reward,robot1_Avg_Reward_per_Step,robot2_Total_Reward,robot2_Avg_Reward_per_Step,robot3_Total_Reward,robot3_Avg_Reward_per_Step,System_Total_Reward,System_Avg_Reward_per_Step
280,-14029.30,-10.3921,-6170.91,-4.5010,-6003.65,-4.3663,-26203.86,-6.3974
Cycle,robot1_Total_Reward,robot1_Avg_Reward_per_Step,robot2_Total_Reward,robot2_Avg_Reward_per_Step,robot3_Total_Reward,robot3_Avg_Reward_per_Step,System_Total_Reward,System_Avg_Reward_per_Step
290,-18905.14,-13.8601,-4645.98,-3.4061,-9529.31,-6.9659,-33080.44,-8.0763
300,2881.79,2.1205,-14815.61,-10.8539,-7979.53,-5.8160,-19913.35,-4.8617
310,-13176.01,-9.6882,-13117.97,-9.6102,634.62,0.4629,-25659.37,-6.2645
320,-4277.80,-3.1248,-9548.76,-7.0057,-1588.72,-1.1648,-15415.28,-3.7635
330,-2441.61,-1.7835,-7537.97,-5.5264,-7971.10,-5.8482,-17950.68,-4.3825
340,-20812.79,-15.2363,-1849.13,-1.3557,-4604.20,-3.3706,-27266.12,-6.6568
350,-4229.20,-3.0960,-4739.45,-3.4798,-6537.01,-4.7785,-15505.66,-3.7856
360,-332.96,-0.2450,-4775.01,-3.4931,-9381.85,-6.8481,-14489.82,-3.5376
370,-5924.24,-4.3497,-12868.94,-9.4002,-11866.11,-8.6931,-30659.29,-7.4852
380,-3741.96,-2.7434,-9098.50,-6.6607,990.50,0.7251,-11849.96,-2.8931
390,-4967.84,-3.6394,-3956.51,-2.8922,-10556.18,-7.7448,-19480.54,-4.7560
400,-2853.59,-2.0814,-10196.51,-7.4919,-7366.50,-5.4007,-20416.60,-4.9845
Cycle,robot1_Total_Reward,robot1_Avg_Reward_per_Step,robot2_Total_Reward,robot2_Avg_Reward_per_Step,robot3_Total_Reward,robot3_Avg_Reward_per_Step,System_Total_Reward,System_Avg_Reward_per_Step
Cycle,robot1_Total_Reward,robot1_Avg_Reward_per_Step,robot2_Total_Reward,robot2_Avg_Reward_per_Step,robot3_Total_Reward,robot3_Avg_Reward_per_Step,System_Total_Reward,System_Avg_Reward_per_Step
410,-15648.45,-11.4473,-11026.01,-8.0777,-3534.04,-2.5909,-30208.50,-7.3751
Cycle,robot1_Total_Reward,robot1_Avg_Reward_per_Step,robot2_Total_Reward,robot2_Avg_Reward_per_Step,robot3_Total_Reward,robot3_Avg_Reward_per_Step,System_Total_Reward,System_Avg_Reward_per_Step
Cycle,robot1_Total_Reward,robot1_Avg_Reward_per_Step,robot2_Total_Reward,robot2_Avg_Reward_per_Step,robot3_Total_Reward,robot3_Avg_Reward_per_Step,System_Total_Reward,System_Avg_Reward_per_Step
410,-7672.74,-5.6293,-2662.06,-1.9502,-1230.46,-0.8995,-11565.26,-2.8235
420,2398.44,1.7380,-14256.64,-10.4444,-18185.69,-13.4609,-30043.89,-7.3349
430,7605.62,5.5597,848.04,0.6213,-8282.76,-6.0769,170.90,0.0417
440,-9478.23,-6.9693,-4337.72,-3.1778,-9424.12,-6.8739,-23240.07,-5.6738
450,-26865.89,-19.6964,-5664.37,-4.1406,-9561.76,-7.0101,-42092.02,-10.2764
460,-6895.94,-5.0594,-6727.47,-4.9394,-2392.72,-1.7452,-16016.13,-3.9102
470,-11925.61,-8.7048,1170.50,0.8619,-3527.52,-2.5786,-14282.63,-3.4870
480,-11508.27,-8.4248,-4696.92,-3.4562,3911.66,2.8531,-12293.53,-3.0013
490,-3336.02,-2.4386,-12462.73,-9.1570,-8109.58,-5.9324,-23908.33,-5.8370
500,-2155.06,-1.5707,-7925.21,-5.8188,-8794.06,-6.4567,-18874.33,-4.6080
510,-7011.81,-5.1406,-10583.98,-7.7368,-11618.66,-8.5181,-29214.45,-7.1324
520,-20657.81,-15.1784,-11925.51,-8.7559,-8741.58,-6.3668,-41324.90,-10.0891
530,-13269.69,-9.7356,-17843.15,-13.0528,-5741.16,-4.2029,-36854.00,-8.9976
540,-8767.13,-6.4322,-7184.95,-5.2560,-692.53,-0.5070,-16644.61,-4.0636
550,-11605.98,-8.5653,-11913.22,-8.6579,-4300.96,-3.1509,-27820.17,-6.7920
Cycle,robot1_Total_Reward,robot1_Avg_Reward_per_Step,robot2_Total_Reward,robot2_Avg_Reward_per_Step,robot3_Total_Reward,robot3_Avg_Reward_per_Step,System_Total_Reward,System_Avg_Reward_per_Step
560,-14512.13,-10.6083,-9423.05,-6.9033,-12499.03,-9.1702,-36434.22,-8.8951
570,-15317.26,-11.2793,-12828.30,-9.3365,-18120.06,-13.2845,-46265.62,-11.2953
Cycle,robot1_Total_Reward,robot1_Avg_Reward_per_Step,robot2_Total_Reward,robot2_Avg_Reward_per_Step,robot3_Total_Reward,robot3_Avg_Reward_per_Step,System_Total_Reward,System_Avg_Reward_per_Step
410,-11089.71,-8.1602,-7073.71,-5.1595,-7214.02,-5.2811,-25377.44,-6.1957
420,-4378.94,-3.2174,-10284.06,-7.5562,-11184.94,-8.1404,-25847.94,-6.3105
430,-8597.09,-6.3167,-7928.14,-5.7954,-9070.02,-6.6350,-25595.24,-6.2488
440,-8544.64,-6.2552,-15818.99,-11.5805,-9539.13,-6.9935,-33902.76,-8.2770
450,-12817.34,-9.4107,-5935.37,-4.3356,-9621.94,-7.0490,-28374.65,-6.9274
460,-12474.43,-9.1388,-11452.08,-8.4021,-19727.70,-14.4208,-43654.21,-10.6578
Cycle,robot1_Total_Reward,robot1_Avg_Reward_per_Step,robot2_Total_Reward,robot2_Avg_Reward_per_Step,robot3_Total_Reward,robot3_Avg_Reward_per_Step,System_Total_Reward,System_Avg_Reward_per_Step
470,-3967.55,-2.8939,-13370.39,-9.8167,-16993.60,-12.4678,-34331.54,-8.3817
480,-7532.78,-5.5307,-18854.60,-13.7025,-7736.83,-5.6972,-34124.21,-8.3311
Cycle,robot1_Total_Reward,robot1_Avg_Reward_per_Step,robot2_Total_Reward,robot2_Avg_Reward_per_Step,robot3_Total_Reward,robot3_Avg_Reward_per_Step,System_Total_Reward,System_Avg_Reward_per_Step
490,-7014.51,-5.1388,-8444.14,-6.1907,-4612.94,-3.3745,-20071.59,-4.9003
500,-7044.81,-5.1535,-11943.63,-8.7756,-19284.26,-14.0967,-38272.71,-9.3439
510,-7700.01,-5.6000,-6156.40,-4.5003,-16018.43,-11.8392,-29874.83,-7.2937
520,-10024.61,-7.3279,-12920.01,-9.4583,-7724.35,-5.6713,-30668.97,-7.4875
530,-23188.64,-17.1260,-24691.70,-18.0495,-23988.81,-17.4591,-71869.16,-17.5462
Cycle,robot1_Total_Reward,robot1_Avg_Reward_per_Step,robot2_Total_Reward,robot2_Avg_Reward_per_Step,robot3_Total_Reward,robot3_Avg_Reward_per_Step,System_Total_Reward,System_Avg_Reward_per_Step
Cycle,robot1_Total_Reward,robot1_Avg_Reward_per_Step,robot2_Total_Reward,robot2_Avg_Reward_per_Step,robot3_Total_Reward,robot3_Avg_Reward_per_Step,System_Total_Reward,System_Avg_Reward_per_Step
540,-21792.62,-15.8377,-17881.41,-13.2064,-18476.20,-13.5258,-58150.23,-14.1968
550,-23453.24,-17.2324,-29061.81,-21.3063,-35767.12,-26.0883,-88282.16,-21.5533
560,-21508.45,-15.7456,-49620.76,-36.4055,-22626.42,-16.5519,-93755.63,-22.8896
570,-38252.27,-28.0854,-24171.69,-17.6179,-19139.73,-14.0527,-81563.70,-19.9130
580,-41966.11,-30.6770,-19094.90,-13.9481,-21534.47,-15.8458,-82595.48,-20.1649
590,-33821.72,-24.8506,-26655.13,-19.5276,-18259.00,-13.3277,-78735.85,-19.2226
600,-21541.99,-15.8630,-19891.45,-14.5299,-27393.44,-20.0098,-68826.89,-16.8034
610,-19313.97,-14.1494,-20549.83,-15.0880,-22848.21,-16.6897,-62712.01,-15.3105
620,-37280.20,-27.4119,-17059.67,-12.4796,-29009.32,-21.1902,-83349.19,-20.3489
630,-18497.32,-13.5511,-31338.67,-22.9419,-18242.72,-13.3646,-68078.71,-16.6208
640,-42169.14,-30.9158,-19491.49,-14.2586,-25132.29,-18.4119,-86792.92,-21.1897
650,-15433.32,-11.3231,-18694.56,-13.7258,-19097.09,-13.9293,-53224.98,-12.9944
660,-17089.80,-12.4743,-29500.54,-21.5490,-23838.06,-17.5667,-70428.40,-17.1944
670,-23820.71,-17.3116,-27066.67,-20.0642,-15983.59,-11.6583,-66870.97,-16.3259
680,-30350.86,-22.1701,-19914.51,-14.6862,-24209.50,-17.6583,-74474.87,-18.1823
690,-18092.18,-13.1293,-18825.31,-13.6119,-30486.56,-22.8364,-67404.05,-16.4561
700,-21386.98,-15.5429,-27557.83,-20.3981,-21680.70,-15.8369,-70625.51,-17.2426
710,-34169.19,-25.1429,-22199.10,-16.2037,-19599.52,-14.3376,-75967.81,-18.5468
720,-19477.33,-14.1550,-24041.92,-17.7170,-29298.21,-21.4954,-72817.46,-17.7777
730,-18234.02,-13.3583,-16475.84,-12.0614,-8491.22,-6.2207,-43201.08,-10.5471
740,-10840.74,-7.9245,-14647.29,-10.7306,-14639.90,-10.7409,-40127.93,-9.7969
750,-27605.45,-20.4636,-17823.77,-12.9251,-20551.19,-15.0228,-65980.41,-16.1085
760,-13857.10,-10.0999,-24585.50,-18.0246,-25994.17,-19.1134,-64436.77,-15.7316
770,-22880.51,-16.9109,-23946.48,-17.4664,-19513.96,-14.2230,-66340.95,-16.1965
780,-31688.79,-23.5604,-23229.16,-16.8817,-22778.28,-16.5660,-77696.22,-18.9688
790,-21381.82,-15.6758,-13139.94,-9.6052,-30471.59,-22.3399,-64993.35,-15.8675
800,-22062.97,-16.0575,-18749.49,-13.7560,-24537.77,-18.0558,-65350.22,-15.9546
810,-22354.72,-16.3412,-25139.44,-18.3232,-17610.22,-12.9869,-65104.38,-15.8946
820,-16333.15,-11.9307,-27518.51,-20.3841,-21037.65,-15.2779,-64889.32,-15.8421
830,-31684.86,-23.3148,-18953.96,-13.7647,-27550.79,-20.2579,-78189.61,-19.0893
840,-21644.79,-15.7646,-16819.96,-12.3223,-27717.11,-20.4102,-66181.86,-16.1577
850,-21703.91,-15.9003,-16945.95,-12.4694,-14360.53,-10.4669,-53010.39,-12.9420
860,-28972.84,-21.3349,-19675.05,-14.4351,-20398.13,-14.8350,-69046.02,-16.8569
870,-19494.86,-14.2611,-23057.20,-16.9414,-21501.00,-15.7171,-64053.07,-15.6380
880,-23330.51,-17.0420,-23509.85,-17.2613,-19874.58,-14.5601,-66714.94,-16.2878
890,-24516.14,-17.9474,-20433.05,-14.9802,-24679.08,-18.0667,-69628.27,-16.9991
900,-20561.21,-14.8671,-25784.19,-19.0289,-36258.73,-26.7001,-82604.13,-20.1670
910,-21737.94,-15.9369,-26678.20,-19.6163,-20262.35,-14.7685,-68678.48,-16.7672
920,-20757.58,-15.1184,-21160.89,-15.4009,-24014.71,-17.8019,-65933.18,-16.0970
930,-15233.69,-11.1357,-22420.78,-16.4617,-12333.89,-9.0292,-49988.36,-12.2042
940,-18403.47,-13.4332,-24600.98,-18.0227,-21036.43,-15.4566,-64040.88,-15.6350
Cycle,robot1_Total_Reward,robot1_Avg_Reward_per_Step,robot2_Total_Reward,robot2_Avg_Reward_per_Step,robot3_Total_Reward,robot3_Avg_Reward_per_Step,System_Total_Reward,System_Avg_Reward_per_Step
950,-11804.23,-8.5476,-14384.15,-10.6235,-11343.66,-8.3348,-37532.04,-9.1631
960,-14097.87,-10.3130,-8469.76,-6.2049,-7658.95,-5.6151,-30226.57,-7.3795
Cycle,robot1_Total_Reward,robot1_Avg_Reward_per_Step,robot2_Total_Reward,robot2_Avg_Reward_per_Step,robot3_Total_Reward,robot3_Avg_Reward_per_Step,System_Total_Reward,System_Avg_Reward_per_Step
970,-16271.62,-11.8425,-8265.46,-6.0288,-18072.15,-13.3769,-42609.22,-10.4026
980,-8974.61,-6.5508,-9379.07,-6.8261,-11479.61,-8.4908,-29833.29,-7.2835
990,-17231.88,-12.6985,-7191.72,-5.2494,-10316.91,-7.5361,-34740.50,-8.4816
1000,-8085.04,-5.9318,-9831.10,-7.1865,-9056.59,-6.6349,-26972.72,-6.5851
1010,-10153.60,-7.4659,-15686.50,-11.4416,-7851.54,-5.7520,-33691.64,-8.2255
1020,-7056.81,-5.1660,-13310.90,-9.7444,-10159.82,-7.4485,-30527.52,-7.4530
1030,-18489.24,-13.5254,-9365.51,-6.8562,-11231.65,-8.2404,-39086.40,-9.5426
1040,-16427.98,-11.9912,-11672.40,-8.5638,-12926.54,-9.4839,-41026.93,-10.0163
1050,-11438.78,-8.3434,-8158.67,-5.9902,-16892.18,-12.3934,-36489.63,-8.9086
1060,-15174.21,-11.0519,-9080.39,-6.6866,-15231.42,-11.1585,-39486.02,-9.6401
1070,-11870.79,-8.6648,-12339.26,-9.0002,-7007.73,-5.1718,-31217.78,-7.6215
1080,-9567.41,-6.9988,-9552.34,-6.9929,-12679.90,-9.3029,-31799.65,-7.7636
1090,-13222.02,-9.7941,-10838.51,-7.8998,-10306.26,-7.5009,-34366.80,-8.3903
1100,-7239.45,-5.2689,-13230.79,-9.7285,-7433.68,-5.4579,-27903.92,-6.8125
1110,-15717.99,-11.5235,-15694.80,-11.5743,-12962.80,-9.4206,-44375.59,-10.8339
1120,-10272.90,-7.4985,-13391.70,-9.7536,-13594.80,-10.0479,-37259.41,-9.0965
1130,-10722.83,-7.8960,-10129.85,-7.3995,-13015.00,-9.5069,-33867.68,-8.2685
Cycle,robot1_Total_Reward,robot1_Avg_Reward_per_Step,robot2_Total_Reward,robot2_Avg_Reward_per_Step,robot3_Total_Reward,robot3_Avg_Reward_per_Step,System_Total_Reward,System_Avg_Reward_per_Step
1140,-17335.57,-12.6908,-15644.51,-11.4696,-16128.73,-11.8073,-49108.81,-11.9895
1150,-22667.70,-16.6064,-15173.31,-11.1241,-15751.96,-11.5230,-53592.97,-13.0842
1160,-18731.59,-13.7228,-14933.53,-10.9323,-18158.81,-13.3032,-51823.92,-12.6523
1170,-11822.52,-8.6548,-22828.64,-16.7243,-19332.18,-14.1628,-53983.34,-13.1795
1180,-15856.35,-11.6164,-19192.92,-14.0505,-12855.21,-9.4177,-47904.49,-11.6954
1190,-15084.72,-11.0511,-16362.93,-11.9963,-18900.55,-13.8263,-50348.20,-12.2920
1200,-14915.90,-10.9194,-17820.95,-13.0556,-16687.29,-12.2251,-49424.14,-12.0664
1210,-23482.10,-17.1904,-11612.68,-8.5137,-16991.29,-12.4387,-52086.07,-12.7163
1220,-12637.58,-9.2583,-17928.70,-13.1346,-18750.60,-13.7267,-49316.88,-12.0403
1230,-15449.72,-11.3185,-14780.44,-10.8202,-18563.51,-13.5996,-48793.67,-11.9125
1240,-12095.25,-8.8740,-13895.90,-10.1727,-21841.94,-15.9780,-47833.10,-11.6780
1250,-10682.19,-7.8143,-17861.00,-13.0850,-11979.16,-8.7824,-40522.35,-9.8932
1260,-22505.13,-16.4752,-17552.27,-12.8588,-15371.61,-11.2613,-55429.01,-13.5325
1270,-20775.20,-15.2088,-17101.77,-12.5288,-18242.38,-13.3644,-56119.35,-13.7010
1280,-17821.57,-13.0465,-16330.30,-11.9636,-14536.55,-10.6495,-48688.42,-11.8868
1290,-11417.96,-8.3587,-23847.48,-17.4707,-17068.42,-12.5043,-52333.86,-12.7768
1300,-13705.12,-10.0257,-10014.32,-7.3311,-11439.53,-8.3929,-35158.97,-8.5837
1310,-17264.81,-12.6390,-15523.25,-11.3723,-20997.82,-15.3830,-53785.88,-13.1313
1320,-15301.75,-11.2019,-9290.74,-6.8014,-9864.59,-7.2321,-34457.08,-8.4124
1330,-11658.45,-8.5347,-10101.37,-7.3894,-16833.61,-12.3504,-38593.43,-9.4222
1340,-12669.90,-9.2820,-12357.11,-9.0528,-12498.75,-9.1499,-37525.77,-9.1616
1350,-12775.39,-9.3593,-10797.55,-7.9045,-13853.85,-10.1493,-37426.79,-9.1374
1360,-12226.08,-8.9503,-9750.21,-7.1378,-10264.26,-7.5251,-32240.55,-7.8712
1370,-14049.55,-10.2927,-11981.25,-8.7710,-10059.16,-7.3693,-36089.96,-8.8110
1380,-12111.70,-8.8601,-16433.57,-12.0392,-13961.08,-10.2354,-42506.36,-10.3775
1390,-14865.67,-10.8906,-15538.70,-11.3837,-11160.16,-8.1700,-41564.53,-10.1476
1400,-12627.27,-9.2305,-15370.68,-11.2688,-9571.11,-7.0169,-37569.06,-9.1721
Cycle,robot1_Total_Reward,robot1_Avg_Reward_per_Step,robot2_Total_Reward,robot2_Avg_Reward_per_Step,robot3_Total_Reward,robot3_Avg_Reward_per_Step,System_Total_Reward,System_Avg_Reward_per_Step
1410,-32285.37,-23.6350,-36021.29,-26.4086,-32671.50,-23.9176,-100978.17,-24.6529
1420,-49273.37,-36.0713,-31565.36,-23.2611,-41417.75,-30.1659,-122256.47,-29.8478
1430,-30265.35,-22.2867,-35229.57,-25.6588,-32238.11,-23.6177,-97733.02,-23.8606
Cycle,robot1_Total_Reward,robot1_Avg_Reward_per_Step,robot2_Total_Reward,robot2_Avg_Reward_per_Step,robot3_Total_Reward,robot3_Avg_Reward_per_Step,System_Total_Reward,System_Avg_Reward_per_Step
Cycle,robot1_Total_Reward,robot1_Avg_Reward_per_Step,robot2_Total_Reward,robot2_Avg_Reward_per_Step,robot3_Total_Reward,robot3_Avg_Reward_per_Step,System_Total_Reward,System_Avg_Reward_per_Step
1440,-23241.76,-17.0644,-28717.92,-21.0234,-28638.64,-20.9347,-80598.32,-19.6773
1450,-30472.44,-22.2752,-32373.59,-23.9096,-23590.90,-17.1695,-86436.93,-21.1028
1460,-29816.17,-21.7319,-35937.44,-26.4052,-28392.12,-20.8306,-94145.73,-22.9848
1470,-29941.28,-21.9511,-27173.77,-19.9075,-26750.82,-19.5690,-83865.87,-20.4751
1480,-26691.29,-19.4969,-34467.90,-24.8866,-31579.01,-23.5313,-92738.20,-22.6412
1490,-21748.58,-16.0034,-29155.30,-21.3279,-28744.02,-20.9810,-79647.90,-19.4453
1500,-19633.87,-14.3522,-33199.94,-24.3580,-22506.52,-16.4883,-75340.33,-18.3936
1510,-29596.17,-21.5558,-28206.16,-20.8471,-30301.01,-22.1175,-88103.34,-21.5096
1520,-28174.46,-20.5054,-26152.27,-19.1032,-27546.88,-20.3599,-81873.61,-19.9887
1530,-38786.42,-28.3734,-38806.00,-28.3462,-30092.97,-22.1272,-107685.39,-26.2904
1540,-23305.27,-17.0735,-34212.83,-25.1011,-31900.15,-23.3188,-89418.25,-21.8306
1550,-40343.80,-29.4911,-27715.84,-20.3046,-25989.55,-19.0679,-94049.20,-22.9612
1560,-30612.92,-22.7944,-26941.23,-19.5652,-31514.09,-22.9027,-89068.24,-21.7452
1570,-32560.76,-23.7843,-26440.34,-19.3986,-33915.48,-24.8647,-92916.57,-22.6847
1580,-26767.38,-19.5525,-25745.83,-18.9308,-27370.48,-20.0223,-79883.69,-19.5029
1590,-29597.25,-21.5881,-24169.46,-17.7066,-26642.35,-19.5900,-80409.06,-19.6311
1600,-28247.58,-20.6639,-27401.41,-20.1037,-28766.08,-21.0586,-84415.07,-20.6091
1610,-24934.28,-18.1077,-38513.64,-28.2151,-34670.86,-25.6062,-98118.78,-23.9548
1620,-26281.13,-19.2818,-32814.33,-23.9171,-24951.48,-18.3332,-84046.94,-20.5193
1630,-28364.85,-20.8412,-35506.45,-25.9171,-25138.58,-18.4165,-89009.88,-21.7309
1640,-26161.08,-19.2502,-25252.27,-18.4323,-18207.91,-13.3196,-69621.27,-16.9974
1650,-30384.55,-22.4075,-31666.43,-23.0973,-22512.65,-16.4446,-84563.63,-20.6454
1660,-30082.19,-22.2996,-28512.10,-20.7210,-23619.16,-17.2277,-82213.45,-20.0716
Cycle,robot1_Total_Reward,robot1_Avg_Reward_per_Step,robot2_Total_Reward,robot2_Avg_Reward_per_Step,robot3_Total_Reward,robot3_Avg_Reward_per_Step,System_Total_Reward,System_Avg_Reward_per_Step
1670,-26182.28,-19.1812,-22882.48,-16.5695,-33683.99,-24.9511,-82748.76,-20.2023
1680,-28068.92,-20.5633,-33727.46,-24.6726,-30485.09,-22.3498,-92281.47,-22.5297
Cycle,robot1_Total_Reward,robot1_Avg_Reward_per_Step,robot2_Total_Reward,robot2_Avg_Reward_per_Step,robot3_Total_Reward,robot3_Avg_Reward_per_Step,System_Total_Reward,System_Avg_Reward_per_Step
Cycle,robot1_Total_Reward,robot1_Avg_Reward_per_Step,robot2_Total_Reward,robot2_Avg_Reward_per_Step,robot3_Total_Reward,robot3_Avg_Reward_per_Step,System_Total_Reward,System_Avg_Reward_per_Step
Cycle,robot1_Total_Reward,robot1_Avg_Reward_per_Step,robot2_Total_Reward,robot2_Avg_Reward_per_Step,robot3_Total_Reward,robot3_Avg_Reward_per_Step,System_Total_Reward,System_Avg_Reward_per_Step
1690,-36686.05,-26.8566,-37798.45,-27.6709,-37638.33,-27.5941,-112122.82,-27.3737
1700,-40139.05,-29.4275,-36660.12,-26.8572,-40191.30,-29.4011,-116990.46,-28.5621
Cycle,robot1_Total_Reward,robot1_Avg_Reward_per_Step,robot2_Total_Reward,robot2_Avg_Reward_per_Step,robot3_Total_Reward,robot3_Avg_Reward_per_Step,System_Total_Reward,System_Avg_Reward_per_Step
1690,-33324.97,-24.4497,-26101.85,-19.1503,-42131.37,-30.7528,-101558.19,-24.7945
Cycle,robot1_Total_Reward,robot1_Avg_Reward_per_Step,robot2_Total_Reward,robot2_Avg_Reward_per_Step,robot3_Total_Reward,robot3_Avg_Reward_per_Step,System_Total_Reward,System_Avg_Reward_per_Step
1690,-38772.11,-28.4253,-38912.52,-28.3826,-38704.76,-28.4385,-116389.39,-28.4154
1700,-31478.09,-23.0778,-38991.36,-28.5233,-34055.47,-24.9491,-104524.92,-25.5188
1710,-25307.68,-18.5404,-22947.15,-16.7988,-33061.39,-24.2208,-81316.22,-19.8526
1720,-22244.07,-16.3080,-30777.48,-22.5476,-27417.45,-20.0567,-80439.00,-19.6384
1730,-23493.40,-17.2492,-27961.04,-20.4843,-26169.18,-19.1155,-77623.61,-18.9511
1740,-28450.33,-20.8733,-26403.66,-19.3433,-28047.35,-20.5025,-82901.34,-20.2396
1750,-29052.65,-21.2840,-28546.18,-20.8824,-28676.86,-21.0241,-86275.68,-21.0634
1760,-23082.72,-16.8857,-23107.15,-16.9656,-19622.23,-14.3542,-65812.11,-16.0674
1770,-26692.24,-19.5548,-30689.56,-22.4503,-22376.22,-16.4049,-79758.03,-19.4722
1780,-17453.73,-12.7773,-26159.15,-19.1502,-25990.03,-19.0543,-69602.91,-16.9929
1790,-21868.38,-16.0443,-22785.23,-16.6803,-27956.07,-20.4507,-72609.69,-17.7270
1800,-35473.20,-25.9877,-21886.86,-16.0109,-24127.14,-17.6885,-81487.20,-19.8943
1810,-23019.53,-16.8395,-24336.04,-17.8286,-23030.48,-16.8845,-70386.05,-17.1841
1820,-15805.27,-11.6045,-21096.53,-15.4327,-22199.34,-16.2395,-59101.14,-14.4290
1830,-26139.55,-19.1499,-22141.02,-16.2205,-20883.45,-15.2880,-69164.02,-16.8857
1840,-15393.26,-11.2937,-12639.68,-9.2666,-22772.26,-16.6342,-50805.20,-12.4036
1850,-10974.76,-8.0519,-15860.96,-11.6198,-15161.92,-11.0833,-41997.64,-10.2533
1860,-22948.12,-16.8365,-22439.29,-16.4270,-18752.36,-13.7179,-64139.77,-15.6591
1870,-23111.28,-16.9066,-23729.67,-17.4483,-16081.55,-11.7469,-62922.50,-15.3619
1880,-25146.03,-18.3682,-25581.75,-18.7825,-22459.49,-16.4538,-73187.28,-17.8680
1890,-18489.09,-13.5352,-21728.28,-15.8949,-19475.47,-14.2887,-59692.84,-14.5734
1900,-18346.85,-13.4409,-16298.70,-11.9580,-17214.00,-12.5833,-51859.55,-12.6610
1910,-30918.41,-22.6508,-24312.86,-17.7986,-19775.15,-14.4873,-75006.42,-18.3121
1920,-21652.58,-15.8976,-22599.48,-16.5564,-21765.35,-15.8987,-66017.41,-16.1175
1930,-24023.33,-17.5866,-22572.86,-16.5490,-15450.09,-11.3105,-62046.28,-15.1480
1940,-22292.82,-16.3557,-29152.45,-21.3259,-19483.09,-14.2629,-70928.36,-17.3165
1950,-13581.31,-9.9497,-20338.56,-14.9000,-21692.26,-15.8801,-55612.14,-13.5772
1960,-30849.37,-22.6003,-27442.62,-20.1340,-23924.13,-17.4884,-82216.11,-20.0723
1970,-16329.14,-11.9627,-11479.52,-8.3915,-16961.64,-12.4443,-44770.30,-10.9303
Cycle,robot1_Total_Reward,robot1_Avg_Reward_per_Step,robot2_Total_Reward,robot2_Avg_Reward_per_Step,robot3_Total_Reward,robot3_Avg_Reward_per_Step,System_Total_Reward,System_Avg_Reward_per_Step
1980,-32426.67,-15.8256,0.00,0.0000,-30229.62,-14.7678,-62656.29,-15.2969
Cycle,robot1_Total_Reward,robot1_Avg_Reward_per_Step,robot2_Total_Reward,robot2_Avg_Reward_per_Step,robot3_Total_Reward,robot3_Avg_Reward_per_Step,System_Total_Reward,System_Avg_Reward_per_Step
1980,-21626.48,-15.9018,-21677.23,-15.8344,-21232.31,-15.5320,-64536.01,-15.7559
1990,-22586.39,-16.5711,-20187.67,-14.7895,-19050.84,-13.9261,-61824.90,-15.0940
Cycle,robot1_Total_Reward,robot1_Avg_Reward_per_Step,robot2_Total_Reward,robot2_Avg_Reward_per_Step,robot3_Total_Reward,robot3_Avg_Reward_per_Step,System_Total_Reward,System_Avg_Reward_per_Step
Cycle,robot1_Total_Reward,robot1_Avg_Reward_per_Step,robot2_Total_Reward,robot2_Avg_Reward_per_Step,robot3_Total_Reward,robot3_Avg_Reward_per_Step,System_Total_Reward,System_Avg_Reward_per_Step
Cycle,robot1_Total_Reward,robot1_Avg_Reward_per_Step,robot2_Total_Reward,robot2_Avg_Reward_per_Step,robot3_Total_Reward,robot3_Avg_Reward_per_Step,System_Total_Reward,System_Avg_Reward_per_Step
Cycle,robot1_Total_Reward,robot1_Avg_Reward_per_Step,robot2_Total_Reward,robot2_Avg_Reward_per_Step,robot3_Total_Reward,robot3_Avg_Reward_per_Step,System_Total_Reward,System_Avg_Reward_per_Step
Cycle,robot1_Total_Reward,robot1_Avg_Reward_per_Step,robot2_Total_Reward,robot2_Avg_Reward_per_Step,robot3_Total_Reward,robot3_Avg_Reward_per_Step,System_Total_Reward,System_Avg_Reward_per_Step
Cycle,robot1_Total_Reward,robot1_Avg_Reward_per_Step,robot2_Total_Reward,robot2_Avg_Reward_per_Step,robot3_Total_Reward,robot3_Avg_Reward_per_Step,System_Total_Reward,System_Avg_Reward_per_Step
