Cycle,robot1_Total_Reward,robot1_Avg_Reward_per_Step,robot2_Total_Reward,robot2_Avg_Reward_per_Step,robot3_Total_Reward,robot3_Avg_Reward_per_Step,System_Total_Reward,System_Avg_Reward_per_Step
730,-17049.15,-8.5246,-5292.86,-2.6464,-6792.05,-3.3960,-29134.06,-4.8557
740,-5257.42,-2.6287,-14803.40,-7.4017,-10742.13,-5.3711,-30802.96,-5.1338
750,-10486.25,-5.2431,-6088.17,-3.0441,-8457.41,-4.2287,-25031.84,-4.1720
760,-12252.01,-6.1260,-7284.99,-3.6425,-7578.52,-3.7893,-27115.52,-4.5193
770,-2905.37,-1.4527,-5967.84,-2.9839,-7225.74,-3.6129,-16098.95,-2.6832
780,-56783.96,-28.3920,-58124.86,-29.0624,-3405.20,-1.7026,-118314.02,-19.7190
790,-2976.21,-1.4881,-5711.61,-2.8558,-3903.51,-1.9518,-12591.33,-2.0986
800,-1166.48,-0.5832,-3000.33,-1.5002,-11331.95,-5.6660,-15498.76,-2.5831
810,-1136.50,-0.5682,-8031.57,-4.0158,-15253.34,-7.6267,-24421.41,-4.0702
820,-2373.55,-1.1868,-3654.97,-1.8275,-5793.93,-2.8970,-11822.46,-1.9704
830,-3955.84,-1.9779,-6718.68,-3.3593,-8222.93,-4.1115,-18897.45,-3.1496
840,-8327.51,-4.1638,-1366.49,-0.6832,-4100.83,-2.0504,-13794.83,-2.2991
850,-8160.38,-4.0802,-2007.85,-1.0039,-1164.04,-0.5820,-11332.27,-1.8887
860,-2530.31,-1.2652,-914.63,-0.4573,-4894.81,-2.4474,-8339.75,-1.3900
870,-11032.87,-5.5164,-3829.96,-1.9150,-2475.63,-1.2378,-17338.46,-2.8897
880,-12505.47,-6.2527,-13573.11,-6.7866,-16432.98,-8.2165,-42511.56,-7.0853
890,-12498.03,-6.2490,-2836.91,-1.4185,-624.00,-0.3120,-15958.94,-2.6598
900,-6025.58,-3.0128,-30906.14,-15.4531,-21482.31,-10.7412,-58414.03,-9.7357
Cycle,robot1_Total_Reward,robot1_Avg_Reward_per_Step,robot2_Total_Reward,robot2_Avg_Reward_per_Step,robot3_Total_Reward,robot3_Avg_Reward_per_Step,System_Total_Reward,System_Avg_Reward_per_Step
910,-30817.85,-10.2726,-18396.91,-6.1323,-31737.71,-10.5792,-80952.46,-8.9947
920,-19305.72,-6.4352,-18372.72,-6.1242,-38158.91,-12.7196,-75837.35,-8.4264
930,-21996.75,-7.3323,-18691.07,-6.2304,-26237.54,-8.7458,-66925.36,-7.4362
Cycle,robot1_Total_Reward,robot1_Avg_Reward_per_Step,robot2_Total_Reward,robot2_Avg_Reward_per_Step,robot3_Total_Reward,robot3_Avg_Reward_per_Step,System_Total_Reward,System_Avg_Reward_per_Step
940,-243379.96,-30.4225,-212430.89,-26.5539,-181845.72,-22.7307,-637656.56,-26.5690
950,-161986.67,-20.2483,-177363.17,-22.1704,-172966.68,-21.6208,-512316.51,-21.3465
960,-286048.02,-35.7560,-218461.83,-27.3077,-189673.84,-23.7092,-694183.70,-28.9243
970,-229167.19,-28.6459,-214519.31,-26.8149,-175950.13,-21.9938,-619636.62,-25.8182
980,-220509.78,-27.5637,-215799.19,-26.9749,-220439.07,-27.5549,-656748.04,-27.3645
990,-201766.01,-25.2208,-203035.42,-25.3794,-212462.41,-26.5578,-617263.85,-25.7193
1000,-272034.47,-34.0043,-191289.92,-23.9112,-181489.32,-22.6862,-644813.71,-26.8672
1010,-256357.60,-32.0447,-188581.37,-23.5727,-153561.81,-19.1952,-598500.79,-24.9375
Cycle,robot1_Total_Reward,robot1_Avg_Reward_per_Step,robot2_Total_Reward,robot2_Avg_Reward_per_Step,robot3_Total_Reward,robot3_Avg_Reward_per_Step,System_Total_Reward,System_Avg_Reward_per_Step
1020,-174153.81,-21.7692,-206657.11,-25.8321,-163980.41,-20.4976,-544791.33,-22.6996
1030,-271227.96,-33.9035,-247472.25,-30.9340,-90613.13,-11.3266,-609313.34,-25.3881
1040,-132498.53,-16.5623,-149954.42,-18.7443,-63662.74,-7.9578,-346115.68,-14.4215
1050,-90856.34,-11.3570,-124928.60,-15.6161,-25877.15,-3.2346,-241662.09,-10.0693
1060,-131477.05,-16.4346,-180530.09,-22.5663,-69693.84,-8.7117,-381700.98,-15.9042
1070,-1007565.32,-125.9457,-131778.02,-16.4723,-51003.03,-6.3754,-1190346.36,-49.5978
1080,-857662.20,-107.2078,-137724.85,-17.2156,-102630.64,-12.8288,-1098017.69,-45.7507
1090,-1559828.99,-194.9786,-161807.87,-20.2260,-50850.36,-6.3563,-1772487.21,-73.8536
1100,-100596.28,-12.5745,-108915.47,-13.6144,-63842.56,-7.9803,-273354.31,-11.3898
1110,-105635.18,-13.2044,-72370.89,-9.0464,-70056.14,-8.7570,-248062.21,-10.3359
1120,-92563.29,-11.5704,-74271.86,-9.2840,-26170.11,-3.2713,-193005.27,-8.0419
1130,-118500.10,-14.8125,-111158.88,-13.8949,-45536.60,-5.6921,-275195.58,-11.4665
1140,-81814.78,-10.2268,-133651.29,-16.7064,-36762.47,-4.5953,-252228.54,-10.5095
1150,-1352738.84,-169.0924,-100889.90,-12.6112,-21845.22,-2.7307,-1475473.97,-61.4781
1160,-76588.77,-9.5736,-1558533.12,-194.8166,-21487.92,-2.6860,-1656609.81,-69.0254
1170,-95980.67,-11.9976,-1573825.37,-196.7282,-8126.22,-1.0158,-1677932.26,-69.9138
1180,-153076.86,-19.1346,-132729.65,-16.5912,-32061.40,-4.0077,-317867.91,-13.2445
1190,-79064.28,-9.8830,-131600.71,-16.4501,-13940.73,-1.7426,-224605.73,-9.3586
1200,-64545.37,-8.0682,-87970.44,-10.9963,-22525.58,-2.8157,-175041.39,-7.2934
1210,-62084.05,-7.7605,-86581.56,-10.8227,-432575.05,-54.0719,-581240.66,-24.2184
1220,-82791.92,-10.3490,-1608866.33,-201.1083,-6028.72,-0.7536,-1697686.97,-70.7370
1230,-85863.18,-10.7329,-1448048.46,-181.0061,-2486.23,-0.3108,-1536397.87,-64.0166
1240,-202662.44,-25.3328,-1652551.27,-206.5689,-35235.81,-4.4045,-1890449.52,-78.7687
1250,-191010.59,-23.8763,-1407655.46,-175.9569,-20789.79,-2.5987,-1619455.84,-67.4773
Cycle,robot1_Total_Reward,robot1_Avg_Reward_per_Step,robot2_Total_Reward,robot2_Avg_Reward_per_Step,robot3_Total_Reward,robot3_Avg_Reward_per_Step,System_Total_Reward,System_Avg_Reward_per_Step
1260,-65241.39,-22.6454,-24036.49,-8.3431,-191435.63,-66.4476,-280713.51,-32.4787
Cycle,robot1_Total_Reward,robot1_Avg_Reward_per_Step,robot2_Total_Reward,robot2_Avg_Reward_per_Step,robot3_Total_Reward,robot3_Avg_Reward_per_Step,System_Total_Reward,System_Avg_Reward_per_Step
1270,-145634.85,-18.2044,-43986.30,-5.4983,-121858.47,-15.2323,-311479.61,-12.9783
1280,-136544.64,-17.0681,-30154.63,-3.7693,-50388.51,-6.2986,-217087.78,-9.0453
1290,-96127.81,-12.0160,-11109.72,-1.3887,-35492.77,-4.4366,-142730.31,-5.9471
1300,-57424.46,-7.1781,-8833.43,-1.1042,-40938.99,-5.1174,-107196.88,-4.4665
Cycle,robot1_Total_Reward,robot1_Avg_Reward_per_Step,robot2_Total_Reward,robot2_Avg_Reward_per_Step,robot3_Total_Reward,robot3_Avg_Reward_per_Step,System_Total_Reward,System_Avg_Reward_per_Step
1310,-68169.39,-8.5212,-40694.18,-5.0868,-362416.32,-45.3020,-471279.89,-19.6367
Cycle,robot1_Total_Reward,robot1_Avg_Reward_per_Step,robot2_Total_Reward,robot2_Avg_Reward_per_Step,robot3_Total_Reward,robot3_Avg_Reward_per_Step,System_Total_Reward,System_Avg_Reward_per_Step
1320,-52762.38,-6.5953,-61511.25,-7.6889,-1021691.43,-127.7114,-1135965.05,-47.3319
1330,-52570.18,-6.5713,-119860.35,-14.9825,-22479.80,-2.8100,-194910.34,-8.1213
Cycle,robot1_Total_Reward,robot1_Avg_Reward_per_Step,robot2_Total_Reward,robot2_Avg_Reward_per_Step,robot3_Total_Reward,robot3_Avg_Reward_per_Step,System_Total_Reward,System_Avg_Reward_per_Step
1320,-124635.80,-15.5795,-12999.11,-1.6249,-31633.66,-3.9542,-169268.57,-7.0529
1330,-63225.39,-7.9032,-22831.91,-2.8540,-44653.36,-5.5817,-130710.66,-5.4463
1340,107891.48,13.4864,72378.65,9.0473,-1551590.81,-193.9489,-1371320.69,-57.1384
Cycle,robot1_Total_Reward,robot1_Avg_Reward_per_Step,robot2_Total_Reward,robot2_Avg_Reward_per_Step,robot3_Total_Reward,robot3_Avg_Reward_per_Step,System_Total_Reward,System_Avg_Reward_per_Step
1350,-53225.79,-6.6532,-57604.02,-7.2005,-26852.27,-3.3565,-137682.08,-5.7368
1360,-53466.70,-6.6833,-25882.99,-3.2354,-21585.12,-2.6981,-100934.81,-4.2056
1370,-28125.11,-3.5156,60130.30,7.5163,64779.67,8.0975,96784.85,4.0327
1380,-42565.36,-5.3207,-52425.73,-6.5532,-23914.16,-2.9893,-118905.26,-4.9544
1390,-29488.08,-3.6860,-35899.31,-4.4874,-30022.38,-3.7528,-95409.77,-3.9754
1400,-33144.83,-4.1431,-24847.40,-3.1059,-22576.21,-2.8220,-80568.44,-3.3570
1410,-23006.81,-2.8759,-34145.50,-4.2682,-12220.00,-1.5275,-69372.30,-2.8905
Cycle,robot1_Total_Reward,robot1_Avg_Reward_per_Step,robot2_Total_Reward,robot2_Avg_Reward_per_Step,robot3_Total_Reward,robot3_Avg_Reward_per_Step,System_Total_Reward,System_Avg_Reward_per_Step
1410,-152868.33,-19.1085,-347147.14,-43.3934,-321763.64,-40.2205,-821779.11,-34.2408
1420,-185776.40,-23.2221,-412268.70,-51.5336,-322411.91,-40.3015,-920457.01,-38.3524
1430,-331606.52,-41.4508,-443106.55,-55.3883,-305608.61,-38.2011,-1080321.68,-45.0134
1440,-2232108.33,-279.0135,-2510420.44,-313.8026,-290290.23,-36.2863,-5032819.00,-209.7008
1450,-299865.54,-37.4832,-449427.58,-56.1784,-296484.19,-37.0605,-1045777.31,-43.5741
1460,-298319.34,-37.2899,-433814.24,-54.2268,-465322.45,-58.1653,-1197456.04,-49.8940
1470,-319717.80,-39.9647,-380219.02,-47.5274,-337712.19,-42.2140,-1037649.01,-43.2354
1480,-310184.14,-38.7730,-303042.06,-37.8803,-422752.13,-52.8440,-1035978.33,-43.1658
1490,-401479.05,-50.1849,-477100.74,-59.6376,-421733.09,-52.7166,-1300312.88,-54.1797
1500,-448267.21,-56.0334,-438078.25,-54.7598,-269518.57,-33.6898,-1155864.03,-48.1610
1510,-1653972.97,-206.7466,-516545.64,-64.5682,-437654.06,-54.7068,-2608172.67,-108.6739
1520,-594568.48,-74.3211,-545272.61,-68.1591,-534102.10,-66.7628,-1673943.18,-69.7476
1530,-766050.53,-95.7563,-386088.67,-48.2611,-564622.69,-70.5778,-1716761.89,-71.5317
1540,-323024.39,-40.3780,-485718.94,-60.7149,-578465.82,-72.3082,-1387209.16,-57.8004
1550,-543816.12,-67.9770,-541890.95,-67.7364,-336540.75,-42.0676,-1422247.82,-59.2603
Cycle,robot1_Total_Reward,robot1_Avg_Reward_per_Step,robot2_Total_Reward,robot2_Avg_Reward_per_Step,robot3_Total_Reward,robot3_Avg_Reward_per_Step,System_Total_Reward,System_Avg_Reward_per_Step
1560,-342073.16,-42.7591,-402433.16,-50.3041,-229259.88,-28.6575,-973766.20,-40.5736
1570,-640427.65,-80.0535,-445582.79,-55.6978,-295581.17,-36.9476,-1381591.61,-57.5663
1580,-1584629.23,-198.0787,-916668.11,-114.5835,-1333198.08,-166.6498,-3834495.42,-159.7706
1590,-559917.92,-69.9897,-665830.39,-83.2288,-1236039.85,-154.5050,-2461788.17,-102.5745
1600,-809631.52,-101.2039,-1042334.17,-130.2918,-882979.84,-110.3725,-2734945.53,-113.9561
Cycle,robot1_Total_Reward,robot1_Avg_Reward_per_Step,robot2_Total_Reward,robot2_Avg_Reward_per_Step,robot3_Total_Reward,robot3_Avg_Reward_per_Step,System_Total_Reward,System_Avg_Reward_per_Step
1410,-316336.43,-39.5421,-724363.15,-90.5454,-447831.59,-55.9789,-1488531.17,-62.0221
1420,-1022450.65,-127.8063,-1413644.07,-176.7055,-682771.70,-85.3465,-3118866.42,-129.9528
1430,-1112158.86,-139.0199,-468557.23,-58.5697,-858347.92,-107.2935,-2439064.01,-101.6277
1440,-2752726.83,-344.0909,-2399429.67,-299.9287,-2737972.73,-342.2466,-7890129.24,-328.7554
Cycle,robot1_Total_Reward,robot1_Avg_Reward_per_Step,robot2_Total_Reward,robot2_Avg_Reward_per_Step,robot3_Total_Reward,robot3_Avg_Reward_per_Step,System_Total_Reward,System_Avg_Reward_per_Step
1450,-742978.44,-252.4561,-192078.65,-65.2663,-183519.84,-62.3581,-1118576.93,-126.6935
Cycle,robot1_Total_Reward,robot1_Avg_Reward_per_Step,robot2_Total_Reward,robot2_Avg_Reward_per_Step,robot3_Total_Reward,robot3_Avg_Reward_per_Step,System_Total_Reward,System_Avg_Reward_per_Step
1460,-30315.02,-30.3150,-200230.20,-200.2302,-219940.72,-219.9407,-450485.94,-150.1620
1470,-36601.56,-36.6016,-69629.63,-69.6296,-142887.83,-142.8878,-249119.01,-83.0397
1480,-37052.83,-37.0528,-42295.48,-42.2955,-43453.35,-43.4534,-122801.66,-40.9339
1490,-27789.83,-27.7898,-56654.04,-56.6540,-38169.45,-38.1695,-122613.32,-40.8711
1500,-38792.40,-38.7924,-6464.27,-6.4643,-48741.78,-48.7418,-93998.45,-31.3328
1510,-25574.95,-25.5750,-59492.93,-59.4929,-44211.67,-44.2117,-129279.54,-43.0932
1520,-41199.07,-41.1991,-39047.37,-39.0474,-44263.82,-44.2638,-124510.26,-41.5034
1530,-25583.96,-25.5840,-56687.38,-56.6874,-32813.10,-32.8131,-115084.43,-38.3615
1540,-30370.28,-30.3703,-68448.56,-68.4486,-57077.41,-57.0774,-155896.25,-51.9654
1550,-8377.94,-8.3779,-40072.56,-40.0726,-61419.59,-61.4196,-109870.09,-36.6234
1560,-30852.50,-30.8525,-46220.89,-46.2209,-45134.23,-45.1342,-122207.62,-40.7359
1570,-41360.39,-41.3604,-95567.06,-95.5671,-223108.70,-223.1087,-360036.15,-120.0121
1580,-31978.91,-31.9789,-45842.26,-45.8423,-29545.73,-29.5457,-107366.90,-35.7890
1590,-34305.82,-34.3058,-38504.92,-38.5049,-38525.75,-38.5258,-111336.50,-37.1122
1600,-35134.00,-35.1340,-34129.92,-34.1299,-27936.54,-27.9365,-97200.47,-32.4002
1610,-21268.36,-21.2684,-18719.41,-18.7194,-22527.75,-22.5277,-62515.51,-20.8385
1620,-31117.93,-31.1179,-47617.93,-47.6179,-31687.54,-31.6875,-110423.40,-36.8078
1630,-16123.91,-16.1239,-39793.98,-39.7940,-24035.18,-24.0352,-79953.07,-26.6510
1640,-63760.14,-63.7601,-36770.49,-36.7705,-80427.23,-80.4272,-180957.87,-60.3193
1650,-142845.60,-142.8456,-40361.56,-40.3616,-364033.82,-364.0338,-547240.99,-182.4137
1660,-28731.63,-28.7316,-36140.85,-36.1409,-36403.55,-36.4035,-101276.03,-33.7587
1670,-35789.43,-35.7894,-26020.70,-26.0207,-23030.76,-23.0308,-84840.89,-28.2803
1680,-90959.71,-90.9597,-76954.93,-76.9549,47691.44,47.6914,-120223.20,-40.0744
1690,84007.85,84.0079,-28103.09,-28.1031,-27507.67,-27.5077,28397.09,9.4657
1700,-149086.16,-149.0862,-216202.24,-216.2022,-166753.92,-166.7539,-532042.32,-177.3474
Cycle,robot1_Total_Reward,robot1_Avg_Reward_per_Step,robot2_Total_Reward,robot2_Avg_Reward_per_Step,robot3_Total_Reward,robot3_Avg_Reward_per_Step,System_Total_Reward,System_Avg_Reward_per_Step
1510,-64809.41,-64.8094,-24227.08,-24.2271,-141039.88,-141.0399,-230076.37,-76.6921
1520,-60778.91,-60.7789,-47252.49,-47.2525,-54714.82,-54.7148,-162746.23,-54.2487
1530,-28842.20,-28.8422,-31336.11,-31.3361,-32612.24,-32.6122,-92790.55,-30.9302
Cycle,robot1_Total_Reward,robot1_Avg_Reward_per_Step,robot2_Total_Reward,robot2_Avg_Reward_per_Step,robot3_Total_Reward,robot3_Avg_Reward_per_Step,System_Total_Reward,System_Avg_Reward_per_Step
1510,-32217.01,-32.2170,-38879.00,-38.8790,-46054.88,-46.0549,-117150.88,-39.0503
1520,-37600.93,-37.6009,-39949.73,-39.9497,-276053.22,-276.0532,-353603.87,-117.8680
1530,-25713.96,-25.7140,-38201.51,-38.2015,-51257.65,-51.2577,-115173.12,-38.3910
1540,-23385.88,-23.3859,-24492.56,-24.4926,-204591.94,-204.5919,-252470.38,-84.1568
1550,-22130.87,-22.1309,-24898.40,-24.8984,-40287.53,-40.2875,-87316.79,-29.1056
1560,-21822.72,-21.8227,-47262.58,-47.2626,-53686.73,-53.6867,-122772.03,-40.9240
1570,-27941.13,-27.9411,-41922.19,-41.9222,-82407.24,-82.4072,-152270.56,-50.7569
1580,-22413.86,-22.4139,-36790.90,-36.7909,-35636.23,-35.6362,-94840.98,-31.6137
1590,-19572.48,-19.5725,-18174.32,-18.1743,-44172.43,-44.1724,-81919.22,-27.3064
1600,-760.47,-0.7605,-34008.15,-34.0082,-57719.28,-57.7193,-92487.91,-30.8293
1610,-24151.73,-24.1517,-42259.51,-42.2595,-34718.21,-34.7182,-101129.45,-33.7098
1620,-19261.72,-19.2617,-18730.93,-18.7309,-36859.01,-36.8590,-74851.65,-24.9505
1630,-119823.48,-119.8235,-259907.60,-259.9076,-48731.97,-48.7320,-428463.05,-142.8210
1640,-37428.52,-37.4285,-54205.23,-54.2052,-42562.94,-42.5629,-134196.69,-44.7322
1650,-37877.72,-37.8777,-42790.45,-42.7905,-41944.61,-41.9446,-122612.78,-40.8709
1660,-18766.04,-18.7660,-191660.44,-191.6604,-39803.12,-39.8031,-250229.60,-83.4099
1670,-40375.40,-40.3754,-47694.08,-47.6941,-235180.55,-235.1805,-323250.02,-107.7500
1680,-13284.48,-13.2845,-11838.51,-11.8385,-31030.83,-31.0308,-56153.83,-18.7179
1690,-19212.19,-19.2122,-26478.75,-26.4787,-33773.84,-33.7738,-79464.78,-26.4883
1700,-33718.36,-33.7184,-33372.50,-33.3725,-33008.28,-33.0083,-100099.14,-33.3664
1710,-14424.66,-14.4247,-116163.58,-116.1636,-41146.76,-41.1468,-171735.01,-57.2450
1720,-26469.01,-26.4690,-27947.64,-27.9476,-55500.72,-55.5007,-109917.36,-36.6391
1730,-26064.59,-26.0646,-31877.38,-31.8774,-33119.80,-33.1198,-91061.78,-30.3539
1740,-26012.53,-26.0125,-30659.89,-30.6599,-48530.39,-48.5304,-105202.81,-35.0676
1750,-5187.31,-5.1873,-38378.74,-38.3787,-47748.76,-47.7488,-91314.81,-30.4383
1760,-18120.33,-18.1203,-41633.67,-41.6337,-43432.06,-43.4321,-103186.06,-34.3954
1770,-29098.63,-29.0986,-2286.28,-2.2863,-48551.78,-48.5518,-79936.69,-26.6456
1780,-147661.19,-147.6612,-83636.45,-83.6364,-191068.30,-191.0683,-422365.93,-140.7886
1790,-14702.75,-14.7027,-24803.48,-24.8035,-47309.78,-47.3098,-86816.01,-28.9387
1800,-33585.79,-33.5858,-26042.58,-26.0426,-27650.73,-27.6507,-87279.10,-29.0930
1810,-28091.00,-28.0910,-34883.86,-34.8839,-33909.17,-33.9092,-96884.03,-32.2947
1820,-19986.50,-19.9865,-29794.37,-29.7944,-46448.85,-46.4489,-96229.73,-32.0766
1830,-18636.56,-18.6366,-17001.24,-17.0012,-38441.84,-38.4418,-74079.64,-24.6932
1840,-21952.30,-21.9523,-43313.80,-43.3138,-44552.50,-44.5525,-109818.60,-36.6062
1850,-20948.56,-20.9486,-26026.46,-26.0265,-27458.42,-27.4584,-74433.44,-24.8111
1860,-24856.57,-24.8566,-27728.81,-27.7288,-34442.68,-34.4427,-87028.06,-29.0094
1870,-13917.52,-13.9175,-24304.13,-24.3041,-35084.78,-35.0848,-73306.43,-24.4355
1880,-21897.20,-21.8972,-31499.22,-31.4992,-35268.74,-35.2687,-88665.16,-29.5551
1890,-18113.10,-18.1131,-35843.88,-35.8439,-41161.10,-41.1611,-95118.08,-31.7060
1900,-19538.55,-19.5385,-223240.98,-223.2410,-47945.14,-47.9451,-290724.67,-96.9082
1910,-21936.17,-21.9362,-35865.91,-35.8659,-37548.21,-37.5482,-95350.30,-31.7834
1920,-142595.93,-142.5959,-20380.06,-20.3801,-39064.56,-39.0646,-202040.55,-67.3468
1930,-32574.44,-32.5744,-29661.23,-29.6612,-44579.29,-44.5793,-106814.96,-35.6050
1940,-121349.51,-121.3495,-84479.53,-84.4795,-30405.01,-30.4050,-236234.05,-78.7447
1950,-28216.87,-28.2169,-26038.85,-26.0389,-43021.11,-43.0211,-97276.83,-32.4256
1960,-124166.62,-124.1666,-71293.38,-71.2934,-21358.96,-21.3590,-216818.96,-72.2730
1970,-18981.88,-18.9819,-31192.60,-31.1926,-34556.78,-34.5568,-84731.26,-28.2438
1980,-277778.61,-277.7786,-31779.89,-31.7799,-37220.77,-37.2208,-346779.27,-115.5931
1990,-43366.02,-43.3660,-13331.02,-13.3310,-43709.20,-43.7092,-100406.23,-33.4687
2000,-28186.46,-28.1865,-38582.82,-38.5828,-17449.15,-17.4492,-84218.44,-28.0728
2010,-41309.60,-41.3096,-32905.81,-32.9058,-36526.69,-36.5267,-110742.10,-36.9140
2020,-29972.91,-29.9729,-34197.72,-34.1977,-32716.16,-32.7162,-96886.79,-32.2956
2030,-30061.26,-30.0613,-44099.09,-44.0991,-94972.64,-94.9726,-169133.00,-56.3777
2040,-25694.57,-25.6946,-25394.31,-25.3943,-52473.04,-52.4730,-103561.92,-34.5206
2050,-27710.66,-27.7107,-31210.00,-31.2100,-37001.58,-37.0016,-95922.24,-31.9741
2060,-37392.11,-37.3921,-31696.28,-31.6963,-46107.42,-46.1074,-115195.81,-38.3986
2070,-29682.13,-29.6821,-25126.40,-25.1264,-33463.06,-33.4631,-88271.59,-29.4239
2080,-26089.19,-26.0892,-27232.12,-27.2321,-36941.01,-36.9410,-90262.32,-30.0874
2090,-31105.80,-31.1058,-31785.28,-31.7853,-35530.76,-35.5308,-98421.84,-32.8073
2100,-27464.44,-27.4644,-35839.82,-35.8398,-34067.71,-34.0677,-97371.97,-32.4573
2110,-34697.57,-34.6976,-36171.12,-36.1711,-40917.25,-40.9172,-111785.94,-37.2620
2120,-44079.99,-44.0800,-29428.88,-29.4289,-46406.11,-46.4061,-119914.98,-39.9717
2130,-29561.67,-29.5617,-39824.05,-39.8241,-34564.55,-34.5645,-103950.27,-34.6501
Cycle,robot1_Total_Reward,robot1_Avg_Reward_per_Step,robot2_Total_Reward,robot2_Avg_Reward_per_Step,robot3_Total_Reward,robot3_Avg_Reward_per_Step,System_Total_Reward,System_Avg_Reward_per_Step
2140,-32819.19,-32.8192,-44325.43,-44.3254,-30095.86,-30.0959,-107240.47,-35.7468
2150,-37666.85,-37.6669,-36273.86,-36.2739,-34878.59,-34.8786,-108819.30,-36.2731
2160,-38423.19,-38.4232,-40587.11,-40.5871,-46257.23,-46.2572,-125267.52,-41.7558
2170,-33396.96,-33.3970,-69536.79,-69.5368,-56159.19,-56.1592,-159092.95,-53.0310
2180,-50752.57,-50.7526,-50029.27,-50.0293,-30625.17,-30.6252,-131407.02,-43.8023
2190,-38733.03,-38.7330,-49773.37,-49.7734,-26579.05,-26.5791,-115085.45,-38.3618
2200,-34251.95,-34.2520,-36652.51,-36.6525,-42663.70,-42.6637,-113568.16,-37.8561
2210,-52893.53,-52.8935,-46187.62,-46.1876,-30636.44,-30.6364,-129717.59,-43.2392
2220,-33386.80,-33.3868,-63087.85,-63.0878,-51761.13,-51.7611,-148235.78,-49.4119
2230,-35117.61,-35.1176,-46729.02,-46.7290,-51011.84,-51.0118,-132858.47,-44.2862
2240,-133179.87,-133.1799,-70036.88,-70.0369,-96693.35,-96.6933,-299910.10,-99.9700
2250,-61810.52,-61.8105,-40751.53,-40.7515,-44628.28,-44.6283,-147190.33,-49.0634
2260,-49811.76,-49.8118,-51299.16,-51.2992,-53242.07,-53.2421,-154352.99,-51.4510
2270,-50130.24,-50.1302,-48220.11,-48.2201,-41657.21,-41.6572,-140007.56,-46.6692
2280,-44128.32,-44.1283,-66942.61,-66.9426,-57005.80,-57.0058,-168076.72,-56.0256
2290,-32981.38,-32.9814,-58749.64,-58.7496,-52975.21,-52.9752,-144706.23,-48.2354
2300,-26333.84,-26.3338,-49462.18,-49.4622,-41027.24,-41.0272,-116823.25,-38.9411
2310,-48386.53,-48.3865,-78240.17,-78.2402,-48198.24,-48.1982,-174824.94,-58.2750
2320,-70590.16,-70.5902,-47973.08,-47.9731,-35512.27,-35.5123,-154075.51,-51.3585
2330,-34567.96,-34.5680,-44156.15,-44.1562,-42990.14,-42.9901,-121714.26,-40.5714
2340,-31794.97,-31.7950,-50885.07,-50.8851,-38850.19,-38.8502,-121530.23,-40.5101
2350,-113277.52,-113.2775,-45818.97,-45.8190,-45470.79,-45.4708,-204567.27,-68.1891
2360,-36990.72,-36.9907,-198004.94,-198.0049,-39390.34,-39.3903,-274386.00,-91.4620
2370,-40232.07,-40.2321,-49806.05,-49.8060,-59524.92,-59.5249,-149563.03,-49.8543
2380,-100051.01,-100.0510,-62858.68,-62.8587,-63643.13,-63.6431,-226552.82,-75.5176
Cycle,robot1_Total_Reward,robot1_Avg_Reward_per_Step,robot2_Total_Reward,robot2_Avg_Reward_per_Step,robot3_Total_Reward,robot3_Avg_Reward_per_Step,System_Total_Reward,System_Avg_Reward_per_Step
2390,-41322.16,-41.3222,-81671.29,-81.6713,-86911.58,-86.9116,-209905.03,-69.9683
2400,-60216.50,-60.2165,-95518.26,-95.5183,-53795.87,-53.7959,-209530.64,-69.8435
2410,-57599.43,-57.5994,-55833.73,-55.8337,-51750.70,-51.7507,-165183.86,-55.0613
2420,-49830.46,-49.8305,-57267.41,-57.2674,-53245.23,-53.2452,-160343.11,-53.4477
2430,-62930.22,-62.9302,-71304.65,-71.3046,-39361.19,-39.3612,-173596.06,-57.8654
2440,-44243.02,-44.2430,-55576.86,-55.5769,-69663.49,-69.6635,-169483.36,-56.4945
2450,-38881.44,-38.8814,-46794.48,-46.7945,-61689.77,-61.6898,-147365.69,-49.1219
2460,-52846.21,-52.8462,-41499.56,-41.4996,-49337.41,-49.3374,-143683.18,-47.8944
2470,-39946.83,-39.9468,-39347.87,-39.3479,-89112.05,-89.1121,-168406.75,-56.1356
2480,-66188.89,-66.1889,-65366.41,-65.3664,-64184.33,-64.1843,-195739.63,-65.2465
2490,-40465.29,-40.4653,-55883.30,-55.8833,-35954.90,-35.9549,-132303.48,-44.1012
2500,-57906.49,-57.9065,-51663.72,-51.6637,-76790.94,-76.7909,-186361.15,-62.1204
2510,-30711.48,-30.7115,-49551.29,-49.5513,-31242.95,-31.2430,-111505.73,-37.1686
Cycle,robot1_Total_Reward,robot1_Avg_Reward_per_Step,robot2_Total_Reward,robot2_Avg_Reward_per_Step,robot3_Total_Reward,robot3_Avg_Reward_per_Step,System_Total_Reward,System_Avg_Reward_per_Step
2390,-69278.51,-69.2785,-117264.67,-117.2647,-81287.11,-81.2871,-267830.29,-89.2768
2400,-61095.49,-61.0955,-83224.58,-83.2246,-75830.29,-75.8303,-220150.36,-73.3835
2410,-68229.66,-68.2297,-73928.61,-73.9286,-85879.64,-85.8796,-228037.91,-76.0126
2420,-75158.46,-75.1585,-118222.54,-118.2225,-73326.12,-73.3261,-266707.13,-88.9024
2430,-81261.05,-81.2611,-59446.37,-59.4464,-77182.10,-77.1821,-217889.53,-72.6298
2440,-53386.07,-53.3861,-74195.00,-74.1950,-64749.52,-64.7495,-192330.60,-64.1102
2450,-78721.58,-78.7216,-73245.92,-73.2459,-54291.19,-54.2912,-206258.70,-68.7529
2460,-90382.93,-90.3829,-85232.23,-85.2322,-79619.48,-79.6195,-255234.64,-85.0782
2470,-62593.52,-62.5935,-84151.11,-84.1511,-58499.84,-58.4998,-205244.46,-68.4148
2480,-71259.89,-71.2599,-63099.12,-63.0991,-44371.07,-44.3711,-178730.08,-59.5767
2490,-49174.78,-49.1748,311807.72,311.8077,191591.53,191.5915,454224.47,151.4082
2500,-71746.03,-71.7460,-50603.70,-50.6037,-59367.51,-59.3675,-181717.24,-60.5724
2510,-57690.76,-57.6908,-90588.47,-90.5885,-88715.06,-88.7151,-236994.30,-78.9981
2520,-59301.75,-59.3018,-69899.69,-69.8997,-52554.03,-52.5540,-181755.47,-60.5852
2530,-63242.92,-63.2429,-71578.22,-71.5782,-48416.12,-48.4161,-183237.26,-61.0791
2540,-33797.98,-33.7980,-35673.64,-35.6736,-64578.00,-64.5780,-134049.63,-44.6832
2550,-39292.21,-39.2922,-67337.04,-67.3370,-85266.37,-85.2664,-191895.62,-63.9652
2560,-53368.87,-53.3689,-46838.56,-46.8386,-48793.26,-48.7933,-149000.70,-49.6669
2570,-41583.92,-41.5839,-57058.73,-57.0587,-66853.31,-66.8533,-165495.95,-55.1653
2580,-40862.25,-40.8623,-75494.14,-75.4941,-40073.45,-40.0734,-156429.84,-52.1433
2590,-1227.66,-1.2277,-50131.14,-50.1311,-50996.72,-50.9967,-102355.52,-34.1185
2600,-41779.86,-41.7799,-444992.28,-444.9923,-411114.42,-411.1144,-897886.56,-299.2955
2610,-28572.33,-28.5723,-66840.73,-66.8407,-56081.77,-56.0818,-151494.82,-50.4983
2620,-33075.33,-33.0753,-82549.30,-82.5493,-56112.66,-56.1127,-171737.29,-57.2458
2630,-54414.29,-54.4143,-73605.60,-73.6056,-45091.34,-45.0913,-173111.23,-57.7037
2640,-35337.18,-35.3372,-47438.10,-47.4381,-106273.56,-106.2736,-189048.84,-63.0163
2650,-38966.15,-38.9661,-60895.39,-60.8954,-58288.94,-58.2889,-158150.48,-52.7168
2660,-32964.45,-32.9644,-50186.45,-50.1865,-66829.24,-66.8292,-149980.14,-49.9934
2670,-24278.39,-24.2784,-50526.64,-50.5266,-75917.94,-75.9179,-150722.98,-50.2410
2680,-44082.14,-44.0821,-80286.74,-80.2867,-45257.59,-45.2576,-169626.47,-56.5422
2690,-43105.22,-43.1052,-46525.87,-46.5259,-59048.91,-59.0489,-148680.01,-49.5600
2700,-40443.61,-40.4436,-31200.48,-31.2005,-39988.17,-39.9882,-111632.27,-37.2108
2710,-35071.19,-35.0712,-48831.45,-48.8315,-49451.93,-49.4519,-133354.58,-44.4515
2720,-38705.94,-38.7059,-46194.76,-46.1948,-34905.93,-34.9059,-119806.63,-39.9355
2730,-41917.96,-41.9180,-62499.88,-62.4999,1239.57,1.2396,-103178.27,-34.3928
2740,-52411.12,-52.4111,-54058.90,-54.0589,-145939.93,-145.9399,-252409.95,-84.1367
2750,-59798.42,-59.7984,-44358.46,-44.3585,-80451.79,-80.4518,-184608.67,-61.5362
2760,-50651.05,-50.6511,-42593.13,-42.5931,-56215.08,-56.2151,-149459.26,-49.8198
2770,-67243.48,-67.2435,-60403.90,-60.4039,-52501.51,-52.5015,-180148.89,-60.0496
2780,-42347.79,-42.3478,-45351.97,-45.3520,-37353.98,-37.3540,-125053.74,-41.6846
2790,-30088.01,-30.0880,-55662.64,-55.6626,-39405.75,-39.4057,-125156.40,-41.7188
2800,-34130.70,-34.1307,-50298.76,-50.2988,-45997.16,-45.9972,-130426.62,-43.4755
2810,-42200.94,-42.2009,-34725.12,-34.7251,-31133.63,-31.1336,-108059.69,-36.0199
2820,-58714.12,-58.7141,-65546.33,-65.5463,-29303.56,-29.3036,-153564.00,-51.1880
2830,-41594.54,-41.5945,-58047.74,-58.0477,-53008.44,-53.0084,-152650.72,-50.8836
2840,-44683.28,-44.6833,-64540.10,-64.5401,-54611.22,-54.6112,-163834.60,-54.6115
2850,-40922.56,-40.9226,-59204.85,-59.2049,-31097.23,-31.0972,-131224.64,-43.7415
2860,-35700.17,-35.7002,-39913.72,-39.9137,-30413.59,-30.4136,-106027.48,-35.3425
2870,-59589.10,-59.5891,-28748.23,-28.7482,-56500.35,-56.5003,-144837.67,-48.2792
2880,-32507.95,-32.5079,-26205.27,-26.2053,-32198.15,-32.1981,-90911.36,-30.3038
2890,-32923.81,-32.9238,-44663.07,-44.6631,-40841.53,-40.8415,-118428.40,-39.4761
2900,-36594.18,-36.5942,-26479.54,-26.4795,-76967.12,-76.9671,-140040.83,-46.6803
2910,-33442.15,-33.4422,-58134.34,-58.1343,-41273.46,-41.2735,-132849.96,-44.2833
2920,-39672.70,-39.6727,-65328.07,-65.3281,-43077.16,-43.0772,-148077.93,-49.3593
2930,-57379.95,-57.3800,-69556.25,-69.5563,-31919.94,-31.9199,-158856.15,-52.9520
2940,-38083.49,-38.0835,-35382.26,-35.3823,-42813.89,-42.8139,-116279.64,-38.7599
2950,-42252.14,-42.2521,-40725.58,-40.7256,-39087.28,-39.0873,-122064.99,-40.6883
2960,-28319.97,-28.3200,-46381.30,-46.3813,-43285.54,-43.2855,-117986.81,-39.3289
2970,-48823.95,-48.8239,-49515.86,-49.5159,-55136.30,-55.1363,-153476.11,-51.1587
2980,-52306.20,-52.3062,16677.10,16.6771,34611.61,34.6116,-1017.49,-0.3392
2990,-33817.30,-33.8173,-27985.38,-27.9854,-30183.79,-30.1838,-91986.47,-30.6622
3000,-29142.70,-29.1427,-45659.48,-45.6595,-28028.75,-28.0288,-102830.93,-34.2770
3010,-32640.87,-32.6409,-43115.79,-43.1158,-41727.36,-41.7274,-117484.03,-39.1613
3020,-47117.96,-47.1180,-59274.40,-59.2744,-118427.75,-118.4278,-224820.12,-74.9400
Cycle,robot1_Total_Reward,robot1_Avg_Reward_per_Step,robot2_Total_Reward,robot2_Avg_Reward_per_Step,robot3_Total_Reward,robot3_Avg_Reward_per_Step,System_Total_Reward,System_Avg_Reward_per_Step
2390,-112743.74,-112.7437,-145489.33,-145.4893,-281177.94,-281.1779,-539411.01,-179.8037
Cycle,robot1_Total_Reward,robot1_Avg_Reward_per_Step,robot2_Total_Reward,robot2_Avg_Reward_per_Step,robot3_Total_Reward,robot3_Avg_Reward_per_Step,System_Total_Reward,System_Avg_Reward_per_Step
810,-144668.74,-144.6687,-186114.33,-186.1143,-226484.88,-226.4849,-557267.95,-185.7560
Cycle,robot1_Total_Reward,robot1_Avg_Reward_per_Step,robot2_Total_Reward,robot2_Avg_Reward_per_Step,robot3_Total_Reward,robot3_Avg_Reward_per_Step,System_Total_Reward,System_Avg_Reward_per_Step
810,-94373.90,-94.3739,-101006.89,-101.0069,-138016.37,-138.0164,-333397.16,-111.1324
820,-115105.63,-115.1056,-117530.84,-117.5308,-104284.58,-104.2846,-336921.06,-112.3070
830,-66718.25,-66.7182,-109212.99,-109.2130,-80394.40,-80.3944,-256325.64,-85.4419
840,-196257.69,-196.2577,-72573.03,-72.5730,-217809.58,-217.8096,-486640.30,-162.2134
Cycle,robot1_Total_Reward,robot1_Avg_Reward_per_Step,robot2_Total_Reward,robot2_Avg_Reward_per_Step,robot3_Total_Reward,robot3_Avg_Reward_per_Step,System_Total_Reward,System_Avg_Reward_per_Step
Cycle,robot1_Total_Reward,robot1_Avg_Reward_per_Step,robot2_Total_Reward,robot2_Avg_Reward_per_Step,robot3_Total_Reward,robot3_Avg_Reward_per_Step,System_Total_Reward,System_Avg_Reward_per_Step
850,-137513.05,-137.5131,-139422.84,-139.4228,-119158.70,-119.1587,-396094.59,-132.0315
860,-114741.07,-114.7411,-60564.54,-60.5645,-209178.09,-209.1781,-384483.70,-128.1612
870,-82261.56,-82.2616,-115778.46,-115.7785,-99433.36,-99.4334,-297473.39,-99.1578
Cycle,robot1_Total_Reward,robot1_Avg_Reward_per_Step,robot2_Total_Reward,robot2_Avg_Reward_per_Step,robot3_Total_Reward,robot3_Avg_Reward_per_Step,System_Total_Reward,System_Avg_Reward_per_Step
Cycle,robot1_Total_Reward,robot1_Avg_Reward_per_Step,robot2_Total_Reward,robot2_Avg_Reward_per_Step,robot3_Total_Reward,robot3_Avg_Reward_per_Step,System_Total_Reward,System_Avg_Reward_per_Step
Cycle,robot1_Total_Reward,robot1_Avg_Reward_per_Step,robot2_Total_Reward,robot2_Avg_Reward_per_Step,robot3_Total_Reward,robot3_Avg_Reward_per_Step,System_Total_Reward,System_Avg_Reward_per_Step
Cycle,robot1_Total_Reward,robot1_Avg_Reward_per_Step,robot2_Total_Reward,robot2_Avg_Reward_per_Step,robot3_Total_Reward,robot3_Avg_Reward_per_Step,System_Total_Reward,System_Avg_Reward_per_Step
880,-137262.93,-137.2629,-151060.88,-151.0609,-131553.47,-131.5535,-419877.29,-139.9591
Cycle,robot1_Total_Reward,robot1_Avg_Reward_per_Step,robot2_Total_Reward,robot2_Avg_Reward_per_Step,robot3_Total_Reward,robot3_Avg_Reward_per_Step,System_Total_Reward,System_Avg_Reward_per_Step
Cycle,robot1_Total_Reward,robot1_Avg_Reward_per_Step,robot2_Total_Reward,robot2_Avg_Reward_per_Step,robot3_Total_Reward,robot3_Avg_Reward_per_Step,System_Total_Reward,System_Avg_Reward_per_Step
890,-298012.12,-298.0121,-319711.40,-319.7114,-284947.66,-284.9477,-902671.18,-300.8904
900,-1238159.56,-1238.1596,-1372788.42,-1372.7884,-230663.66,-230.6637,-2841611.64,-947.2039
910,-572209.87,-572.2099,-236693.56,-236.6936,-227687.17,-227.6872,-1036590.60,-345.5302
920,-497105.84,-497.1058,-197225.13,-197.2251,-262069.20,-262.0692,-956400.16,-318.8001
930,-289944.60,-289.9446,-646067.51,-646.0675,-273286.44,-273.2864,-1209298.55,-403.0995
940,-267943.86,-267.9439,-977680.84,-977.6808,-267101.96,-267.1020,-1512726.67,-504.2422
950,-262655.19,-262.6552,-257228.94,-257.2289,-322085.31,-322.0853,-841969.44,-280.6565
960,-793959.38,-793.9594,-1389760.38,-1389.7604,-1579514.66,-1579.5147,-3763234.42,-1254.4115
970,-1609859.39,-1609.8594,-888291.61,-888.2916,-1398704.66,-1398.7047,-3896855.66,-1298.9519
980,-2846830.17,-2846.8302,-237008.91,-237.0089,-1784979.90,-1784.9799,-4868818.98,-1622.9397
990,-2783841.62,-2783.8416,-237444.04,-237.4440,-1103966.42,-1103.9664,-4125252.08,-1375.0840
1000,-975394.18,-975.3942,-638891.55,-638.8915,-2731731.72,-2731.7317,-4346017.45,-1448.6725
Cycle,robot1_Total_Reward,robot1_Avg_Reward_per_Step,robot2_Total_Reward,robot2_Avg_Reward_per_Step,robot3_Total_Reward,robot3_Avg_Reward_per_Step,System_Total_Reward,System_Avg_Reward_per_Step
1010,-205227.47,-205.2275,-195044.24,-195.0442,-258731.11,-258.7311,-659002.81,-219.6676
1020,-174721.60,-174.7216,-160482.03,-160.4820,-122876.15,-122.8761,-458079.78,-152.6933
1030,-325483.33,-325.4833,-213690.50,-213.6905,-329177.20,-329.1772,-868351.03,-289.4503
Cycle,robot1_Total_Reward,robot1_Avg_Reward_per_Step,robot2_Total_Reward,robot2_Avg_Reward_per_Step,robot3_Total_Reward,robot3_Avg_Reward_per_Step,System_Total_Reward,System_Avg_Reward_per_Step
1040,-234289.13,-234.2891,-254077.42,-254.0774,-294696.73,-294.6967,-783063.28,-261.0211
1050,-230268.52,-230.2685,-236642.72,-236.6427,-327276.61,-327.2766,-794187.85,-264.7293
1060,-455022.79,-455.0228,-188892.96,-188.8930,-325255.37,-325.2554,-969171.11,-323.0570
Cycle,robot1_Total_Reward,robot1_Avg_Reward_per_Step,robot2_Total_Reward,robot2_Avg_Reward_per_Step,robot3_Total_Reward,robot3_Avg_Reward_per_Step,System_Total_Reward,System_Avg_Reward_per_Step
1070,-179017.55,-179.0175,-157641.22,-157.6412,-219075.15,-219.0752,-555733.93,-185.2446
1080,-151295.78,-151.2958,-135215.20,-135.2152,-221357.14,-221.3571,-507868.13,-169.2894
1090,-136327.19,-136.3272,-134132.92,-134.1329,-200997.19,-200.9972,-471457.30,-157.1524
1100,-110638.36,-110.6384,-72345.09,-72.3451,-188751.88,-188.7519,-371735.33,-123.9118
1110,-119373.51,-119.3735,-103170.93,-103.1709,-147557.39,-147.5574,-370101.82,-123.3673
1120,-102834.53,-102.8345,-103708.07,-103.7081,-108812.75,-108.8127,-315355.35,-105.1185
1130,-120964.85,-120.9648,-87188.65,-87.1886,-97207.61,-97.2076,-305361.11,-101.7870
1140,-101106.22,-101.1062,-69440.47,-69.4405,-76116.25,-76.1162,-246662.94,-82.2210
1150,-85022.35,-85.0224,-81114.54,-81.1145,-61796.73,-61.7967,-227933.63,-75.9779
1160,-90531.31,-90.5313,-76527.44,-76.5274,-74793.93,-74.7939,-241852.68,-80.6176
Cycle,robot1_Total_Reward,robot1_Avg_Reward_per_Step,robot2_Total_Reward,robot2_Avg_Reward_per_Step,robot3_Total_Reward,robot3_Avg_Reward_per_Step,System_Total_Reward,System_Avg_Reward_per_Step
1170,-19942.90,-19.9429,-139177.61,-139.1776,-59919.44,-59.9194,-219039.95,-73.0133
Cycle,robot1_Total_Reward,robot1_Avg_Reward_per_Step,robot2_Total_Reward,robot2_Avg_Reward_per_Step,robot3_Total_Reward,robot3_Avg_Reward_per_Step,System_Total_Reward,System_Avg_Reward_per_Step
1180,-241327.40,-241.3274,-117038.51,-117.0385,-109629.18,-109.6292,-467995.09,-155.9984
1190,27409.28,27.4093,-29168.63,-29.1686,13109.56,13.1096,11350.21,3.7834
1200,-77594.88,-77.5949,-18854.89,-18.8549,-5855.09,-5.8551,-102304.87,-34.1016
1210,-171237.43,-171.2374,-13707.57,-13.7076,-118506.40,-118.5064,-303451.40,-101.1505
1220,-45345.92,-45.3459,-4487.91,-4.4879,-44239.63,-44.2396,-94073.45,-31.3578
Cycle,robot1_Total_Reward,robot1_Avg_Reward_per_Step,robot2_Total_Reward,robot2_Avg_Reward_per_Step,robot3_Total_Reward,robot3_Avg_Reward_per_Step,System_Total_Reward,System_Avg_Reward_per_Step
Cycle,robot1_Total_Reward,robot1_Avg_Reward_per_Step,robot2_Total_Reward,robot2_Avg_Reward_per_Step,robot3_Total_Reward,robot3_Avg_Reward_per_Step,System_Total_Reward,System_Avg_Reward_per_Step
1230,-60789.18,-60.7892,-65507.38,-65.5074,-67791.40,-67.7914,-194087.96,-64.6960
1240,-12616.31,-12.6163,-105813.30,-105.8133,-50935.55,-50.9355,-169365.16,-56.4551
1250,-44984.21,-44.9842,-121562.58,-121.5626,-68348.57,-68.3486,-234895.36,-78.2985
1260,-46155.06,-46.1551,-49210.89,-49.2109,-45154.52,-45.1545,-140520.47,-46.8402
1270,-21196.00,-21.1960,-72253.10,-72.2531,-47224.74,-47.2247,-140673.84,-46.8913
1280,-249884.78,-249.8848,3578.09,3.5781,-41976.27,-41.9763,-288282.96,-96.0943
1290,41450.39,41.4504,31685.45,31.6855,-56404.30,-56.4043,16731.54,5.5772
1300,-32032.34,-32.0323,-38139.70,-38.1397,-46267.53,-46.2675,-116439.57,-38.8132
Cycle,robot1_Total_Reward,robot1_Avg_Reward_per_Step,robot2_Total_Reward,robot2_Avg_Reward_per_Step,robot3_Total_Reward,robot3_Avg_Reward_per_Step,System_Total_Reward,System_Avg_Reward_per_Step
1310,10614.99,5.3075,-12258.17,-6.1291,-94463.79,-47.2319,-96106.96,-16.0178
1320,-102971.34,-51.4857,-30717.60,-15.3588,-102174.78,-51.0874,-235863.73,-39.3106
1330,-157491.12,-78.7456,-89187.34,-44.5937,-76973.61,-38.4868,-323652.07,-53.9420
1340,-62693.36,-31.3467,-58677.16,-29.3386,-123537.96,-61.7690,-244908.48,-40.8181
1350,-46167.08,-23.0835,-6853.90,-3.4269,-92249.59,-46.1248,-145270.57,-24.2118
1360,-46655.47,-23.3277,-70635.47,-35.3177,-99992.92,-49.9965,-217283.86,-36.2140
1370,-128806.01,-64.4030,-112472.92,-56.2365,-113559.86,-56.7799,-354838.79,-59.1398
1380,-177856.64,-88.9283,-118350.51,-59.1753,-124002.54,-62.0013,-420209.69,-70.0349
1390,-273330.29,-136.6651,-121469.51,-60.7348,-61637.00,-30.8185,-456436.79,-76.0728
1400,-41779.43,-20.8897,44607.22,22.3036,-86976.49,-43.4882,-84148.69,-14.0248
1410,-220478.07,-110.2390,-86426.14,-43.2131,-104676.59,-52.3383,-411580.80,-68.5968
1420,-115916.94,-57.9585,-124585.43,-62.2927,-103225.08,-51.6125,-343727.45,-57.2879
1430,-139343.08,-69.6715,-76582.75,-38.2914,-88277.99,-44.1390,-304203.82,-50.7006
Cycle,robot1_Total_Reward,robot1_Avg_Reward_per_Step,robot2_Total_Reward,robot2_Avg_Reward_per_Step,robot3_Total_Reward,robot3_Avg_Reward_per_Step,System_Total_Reward,System_Avg_Reward_per_Step
Cycle,robot1_Total_Reward,robot1_Avg_Reward_per_Step,robot2_Total_Reward,robot2_Avg_Reward_per_Step,robot3_Total_Reward,robot3_Avg_Reward_per_Step,System_Total_Reward,System_Avg_Reward_per_Step
1440,-296895.00,-148.4475,-486202.02,-243.1010,-644907.07,-322.4535,-1428004.09,-238.0007
1450,-571159.13,-285.5796,-433530.48,-216.7652,-488142.94,-244.0715,-1492832.55,-248.8054
1460,-394083.82,-197.0419,-438393.47,-219.1967,-765783.50,-382.8918,-1598260.79,-266.3768
1470,-394585.96,-197.2930,-114507.33,-57.2537,-555527.04,-277.7635,-1064620.32,-177.4367
1480,-541077.49,-270.5387,-364600.68,-182.3003,-516828.79,-258.4144,-1422506.97,-237.0845
1490,-312877.02,-156.4385,-230154.11,-115.0771,-710511.38,-355.2557,-1253542.52,-208.9238
1500,-284850.34,-142.4252,-166966.90,-83.4835,-680408.98,-340.2045,-1132226.23,-188.7044
1510,-422991.08,-211.4955,-599881.24,-299.9406,-227451.80,-113.7259,-1250324.12,-208.3874
1520,-549358.99,-274.6795,-513409.84,-256.7049,-255942.85,-127.9714,-1318711.68,-219.7853
1530,-518428.90,-259.2144,-719971.71,-359.9859,-617687.38,-308.8437,-1856087.99,-309.3480
1540,-800416.30,-400.2082,-178398.68,-89.1993,-172778.07,-86.3890,-1151593.05,-191.9322
1550,-351460.59,-175.7303,-461718.65,-230.8593,-63021.97,-31.5110,-876201.20,-146.0335
1560,-964664.19,-482.3321,-502850.99,-251.4255,-899398.42,-449.6992,-2366913.60,-394.4856
1570,-210527.09,-105.2635,-661759.01,-330.8795,-489460.59,-244.7303,-1361746.69,-226.9578
1580,-784931.92,-392.4660,-422207.50,-211.1038,-633796.06,-316.8980,-1840935.48,-306.8226
1590,-333884.68,-166.9423,-549563.45,-274.7817,-998194.36,-499.0972,-1881642.48,-313.6071
1600,-879144.15,-439.5721,-474245.92,-237.1230,-404489.90,-202.2449,-1757879.96,-292.9800
1610,-552578.35,-276.2892,-865381.96,-432.6910,-300992.14,-150.4961,-1718952.45,-286.4921
1620,-422659.16,-211.3296,-324405.94,-162.2030,-954861.80,-477.4309,-1701926.89,-283.6545
1630,-304368.86,-152.1844,-830154.34,-415.0772,-432304.53,-216.1523,-1566827.73,-261.1380
1640,-368112.91,-184.0565,-926817.97,-463.4090,-345758.21,-172.8791,-1640689.09,-273.4482
1650,-362330.36,-181.1652,-366880.32,-183.4402,-201179.42,-100.5897,-930390.10,-155.0650
1660,-434254.29,-217.1271,-176493.85,-88.2469,-409985.02,-204.9925,-1020733.16,-170.1222
1670,-417029.13,-208.5146,-615850.45,-307.9252,-498847.77,-249.4239,-1531727.35,-255.2879
1680,-452997.57,-226.4988,-275395.20,-137.6976,-143223.94,-71.6120,-871616.71,-145.2695
1690,-320001.31,-160.0007,-94066.29,-47.0331,-408803.60,-204.4018,-822871.21,-137.1452
1700,-616864.98,-308.4325,-495081.38,-247.5407,-822064.21,-411.0321,-1934010.56,-322.3351
1710,-242287.40,-121.1437,-198594.48,-99.2972,-486201.23,-243.1006,-927083.11,-154.5139
1720,-582707.44,-291.3537,-141995.80,-70.9979,-216157.13,-108.0786,-940860.38,-156.8101
1730,-539566.46,-269.7832,-321364.63,-160.6823,-353407.15,-176.7036,-1214338.24,-202.3897
1740,-512809.82,-256.4049,-422551.02,-211.2755,-649764.25,-324.8821,-1585125.08,-264.1875
1750,-154535.33,-77.2677,-495040.82,-247.5204,-546842.62,-273.4213,-1196418.77,-199.4031
1760,-599404.34,-299.7022,-597013.76,-298.5069,-363216.91,-181.6085,-1559635.02,-259.9392
1770,-821490.32,-410.7452,-352263.03,-176.1315,-475377.42,-237.6887,-1649130.76,-274.8551
1780,-152809.27,-76.4046,-161069.06,-80.5345,-1166344.16,-583.1721,-1480222.48,-246.7037
Cycle,robot1_Total_Reward,robot1_Avg_Reward_per_Step,robot2_Total_Reward,robot2_Avg_Reward_per_Step,robot3_Total_Reward,robot3_Avg_Reward_per_Step,System_Total_Reward,System_Avg_Reward_per_Step
1790,-144234.19,-291.9721,-87422.28,-176.9682,-90777.49,-183.7601,-322433.96,-217.5668
Cycle,robot1_Total_Reward,robot1_Avg_Reward_per_Step,robot2_Total_Reward,robot2_Avg_Reward_per_Step,robot3_Total_Reward,robot3_Avg_Reward_per_Step,System_Total_Reward,System_Avg_Reward_per_Step
1790,-450720.11,-225.3601,-367435.59,-183.7178,-271105.66,-135.5528,-1089261.36,-181.5436
Cycle,robot1_Total_Reward,robot1_Avg_Reward_per_Step,robot2_Total_Reward,robot2_Avg_Reward_per_Step,robot3_Total_Reward,robot3_Avg_Reward_per_Step,System_Total_Reward,System_Avg_Reward_per_Step
1800,-679125.21,-339.5626,-395091.14,-197.5456,-767063.57,-383.5318,-1841279.93,-306.8800
1810,-269284.93,-134.6425,-249400.48,-124.7002,-447750.14,-223.8751,-966435.55,-161.0726
1820,-432686.12,-216.3431,-285436.55,-142.7183,-181746.43,-90.8732,-899869.11,-149.9782
1830,-487291.38,-243.6457,-257828.43,-128.9142,-230879.42,-115.4397,-975999.23,-162.6665
Cycle,robot1_Total_Reward,robot1_Avg_Reward_per_Step,robot2_Total_Reward,robot2_Avg_Reward_per_Step,robot3_Total_Reward,robot3_Avg_Reward_per_Step,System_Total_Reward,System_Avg_Reward_per_Step
1850,-531871.27,-265.9356,-311341.48,-155.6707,-166389.15,-83.1946,-1009601.91,-168.2670
Cycle,robot1_Total_Reward,robot1_Avg_Reward_per_Step,robot2_Total_Reward,robot2_Avg_Reward_per_Step,robot3_Total_Reward,robot3_Avg_Reward_per_Step,System_Total_Reward,System_Avg_Reward_per_Step
1860,-339512.93,-169.7565,-244723.77,-122.3619,-765744.59,-382.8723,-1349981.29,-224.9969
Cycle,robot1_Total_Reward,robot1_Avg_Reward_per_Step,robot2_Total_Reward,robot2_Avg_Reward_per_Step,robot3_Total_Reward,robot3_Avg_Reward_per_Step,System_Total_Reward,System_Avg_Reward_per_Step
1860,-643385.80,-321.6929,-320074.20,-160.0371,-193087.32,-96.5437,-1156547.32,-192.7579
1870,-878871.20,-439.4356,-551986.19,-275.9931,-676589.07,-338.2945,-2107446.46,-351.2411
1880,-530144.19,-265.0721,-417531.12,-208.7656,-346555.88,-173.2779,-1294231.19,-215.7052
1890,-498679.10,-249.3395,-399046.61,-199.5233,-583620.48,-291.8102,-1481346.18,-246.8910
1900,-810084.97,-405.0425,-693237.02,-346.6185,-643252.97,-321.6265,-2146574.97,-357.7625
